"Unnamed: 0","annotation_id","annotator","created_at","id","is_kecelakaan","label","lead_time","text","updated_at"
11,102,"1","2025-07-10T13:25:43.307626Z",455,1.0,"[{""start"":71,""end"":97,""text"":""Denggung Sleman Yogyakarta"",""labels"":[""LOC""]}]",20.742,"[Breaking News] 01:32 wib info awal terjadi kecelakaan mobil di Bangjo Denggung Sleman Yogyakarta, sudah ada petugas kepolisian di lokasi 
Untuk, Kronologi belum tahu , tadi pas lewat keadaan sudah seperti itu, tetap hati hati saja saat berkendara lur 

(arctcmnkyy) https://t.co/i9V6o1hHhz","2025-07-10T13:25:43.307673Z"
14,103,"1","2025-07-10T13:25:51.326578Z",456,1.0,"[{""start"":244,""end"":285,""text"":""Utara TB Vijaya, Ringroad manding, Bantul"",""labels"":[""LOC""]}]",7.2,"Ijin share min, hampir saja dapat musibah gara‚Äù orang ngawur (makluwer, tiba‚Äù nyebrang tanpa sein tanpa lihat belakang). Klo smp tertabrak apa ya gak panjang urusannya itu td, blm lg klo parah pasti yg selalu diberatkan yg bawa mobil.

Lokasi:
Utara TB Vijaya, Ringroad manding, Bantul

Akunku disamarkan saja ya min, hanya pgn mengingatkan. Ttp fokus dan waspada dijalan.","2025-07-10T13:25:51.326629Z"
24,104,"1","2025-07-10T13:26:11.269208Z",457,1.0,"[{""start"":59,""end"":69,""text"":""RS.Hermina"",""labels"":[""LOC""]},{""start"":37,""end"":58,""text"":""selokan mataram deket"",""labels"":[""LOC""]}]",19.144,"Min izin menginfokan ada mobil masuk selokan mataram deket RS.Hermina untuk kronologi lengkap belum tau tapi kayake supirnya ngantuk min, sudah ada polisi dan ambulan di tempat, terimakasih.

(_abrijendra) https://t.co/g7qFxJzYP2","2025-07-10T13:26:11.269287Z"
38,105,"1","2025-07-10T13:26:50.365213Z",458,1.0,"[{""start"":4,""end"":25,""text"":""area hos Cokroaminoto"",""labels"":[""LOC""]}]",38.174,"Min area hos Cokroaminoto ada pipa PDAM bocor, dah banyak korban kecelakaan di sini, soalnya jalan nya ambles, Deket palang pintu kereta api

(Danangriosutopo) https://t.co/JhphmhG802","2025-07-10T13:26:50.365260Z"
43,106,"1","2025-07-10T13:27:04.923249Z",459,1.0,"[{""start"":50,""end"":62,""text"":"" Lempuyangan"",""labels"":[""LOC""]},{""start"":40,""end"":52,""text"":""di FlyOver L"",""labels"":[""LOC""]}]",13.8,"min leher saya kena senar layang layang di FlyOver Lempuyangan

Saya dari utara ke selatan pas sampai  FlyOver tiba tiba ada senar layang layang min yang langsung kena leher saya https://t.co/yNK5toEWcd","2025-07-10T13:27:04.923299Z"
50,107,"1","2025-07-10T13:27:31.911181Z",460,1.0,"[{""start"":76,""end"":90,""text"":""pasar Giwangan"",""labels"":[""LOC""]}]",26.113,"Min, selamat pagi. 
Maaf izin melaporkan, kesangkut benang gelasan di utara pasar Giwangan, awalnya kena kaca helm terus Alhamdulillah pas mulai kencangnya tali kena jaket orange di lengan kiri. 
Sepertinya sudah sering terjadi, jadi untuk orang tua tolong diawasi anak anaknya yang main layangan, dan untuk pengendara harap selalu waspada. üôè 

Terima kasih min.
(Tjanmalaka)","2025-07-10T13:27:31.911257Z"
53,108,"1","2025-07-10T13:27:47.325629Z",461,1.0,"[{""start"":56,""end"":73,""text"":""jalan Pandanaran "",""labels"":[""LOC""]},{""start"":74,""end"":95,""text"":""Jalan Kaliurang atas"",""labels"":[""LOC""]}]",14.469,"[Breaking News] 16:03 telah terjadi kecelakaan motor di jalan Pandanaran (Jalan Kaliurang  atas), kecelakaan nya motor vs motor min, korbannya anak kecil sama bapak¬≤ min, bapaknya sudah dilarikan ke rumah sakit min, 

(Shelaangraeni_r) https://t.co/hhIMyHSFUQ","2025-07-10T13:27:47.325682Z"
65,109,"1","2025-07-10T13:27:53.941387Z",462,1.0,"[{""start"":44,""end"":54,""text"":""Adp sedayu"",""labels"":[""LOC""]}]",5.867,"[Breaking News] 17:38 terjadi laka di depan Adp sedayu, nge rem ndadak menghindari molen

(Kulonprogobinangun_) https://t.co/FpFloFLRkc","2025-07-10T13:27:53.941437Z"
70,110,"1","2025-07-10T13:28:01.589392Z",463,1.0,"[{""start"":165,""end"":184,""text"":""Gambiran Yogyakarta"",""labels"":[""LOC""]}]",6.762,"Senar layangan nyilakani tenan min. Korbannya kebetulan adekku sendiri, kejadiannya tadi sore. Pulang pulang nangis karna ada luka di leher sama tangannya.

Lokasi: Gambiran Yogyakarta 

(Arumpramesty) https://t.co/Ey9NmeSFeO","2025-07-10T13:28:01.589445Z"
78,111,"1","2025-07-10T13:28:07.530606Z",464,1.0,"[{""start"":14,""end"":33,""text"":""Underpass kentungan"",""labels"":[""LOC""]}]",5.103,"RT @iwandanu: Underpass kentungan kembali memakan korban @merapi_uncover","2025-07-10T13:28:07.530699Z"
79,112,"1","2025-07-10T13:28:21.102068Z",465,1.0,"[{""start"":48,""end"":91,""text"":""Pertigaan Kepek Clereng Pengasih Kulonprogo"",""labels"":[""LOC""]}]",12.836,"[Breaking News] 10:12 Min barusan kecelakaan di Pertigaan Kepek Clereng Pengasih Kulonprogo, 2 motor ibu2 abis belanja dan bapak2 

Di lokasi sudah ditolong oleh anggota TNI

(Dwias_dwi) https://t.co/WoBjPWg4Zd","2025-07-10T13:28:21.102117Z"
83,113,"1","2025-07-10T13:28:28.273720Z",466,1.0,"[{""start"":39,""end"":61,""text"":""perempatan taman siswa"",""labels"":[""LOC""]}]",6.459,"[Breaking News] Kejadian kecelakaan di perempatan taman siswa,mas"" dari Utara nyeruduk mobil dari belakang ndan https://t.co/cFVTw1dYrE","2025-07-10T13:28:28.273771Z"
86,114,"1","2025-07-10T13:28:46.118811Z",467,1.0,"[{""start"":140,""end"":169,""text"":""PLN Druwo jalan Parangtritis "",""labels"":[""LOC""]}]",17.013,"Sehari mengalami dua kali  kecelakaan, Mas mas diduga maling motor ini kini sudah di amankan polisi.

Kecelakaan pertama sore tadi di depan PLN Druwo jalan Parangtritis dan kecelakaan kedua malam ini di jalan solo dekat Bandara, kemudian, kemudian mas mas tersebut di bawa ke RSIY untuk perawatan. Sambil menunggu pemilik motor datang ke lokasi 

üì∏: Bertha poernama","2025-07-10T13:28:46.118898Z"
89,115,"1","2025-07-10T13:29:38.044784Z",468,1.0,"[{""start"":16,""end"":24,""text"":""jl. Solo"",""labels"":[""LOC""]}]",51.078,"Min, barusan di jl. Solo ada 3 motor jatuh karna menghindari pengendara sepeda motor yg nglawan arah, termasuk saya. Pengendara motor 2 cewek berboncengan keluar dari gang sebelah hotel apa itu lupa. Dan lawan arah dah gitu posisinya di nengah"". Al hasil 1 bapak"" terjatuh, motor dibelakangnya menghindari bapak""nyabtadi, dan saya pun menghindari kedua motor tapi di kiri saya banyak kendaraan agak cepat juga, mencoba ngerem tapi kejadiannya begitu cepat dan kondisi hujan deras motor+saya pun ngesot. Mbaknya selamat tapi yg lain jatuh. 
Karna saya dikejar waktu, dan korban pertama minta ganti rugi ke mbak""nya saya pamit undur diri.
Pelajarannya ""kepada semua pengendara mbok jangan dibiasakan melawan arah, apa lagi jalur ramai dan padat kendaraan. Korbannya bisa jadi bukan pelawan arahnya, tapi malah sering orang yg sudah berada di jalan ""yang benar"". Kerugian materi, kesehatan, bahkan bisa nyawa seseorang taruhannya""
Tadi mbak¬≤nya sudah minta maaf.

Dan mau ganti rugi tapi di dompetnya hanya ada uang 40rb. üòÇ gak tega juga saya.","2025-07-10T13:29:38.044835Z"
92,116,"1","2025-07-10T13:29:50.416317Z",469,1.0,"[{""start"":72,""end"":98,""text"":""Jl. Kabupaten selatan BMKG"",""labels"":[""LOC""]}]",11.526,"Tadi siang sekitar pukul 12.00 telah terjadi musibah truck terguling di Jl. Kabupaten selatan BMKG

 Proses evakuasi berlangsung dari pukul 13.00 - 14.00 WIB.

Kronologi kejadian saat pengemudi truk mencoba memasuki area proyek pembangunan dengan posisi berjalan mundur, roda belakang truk terperosok ke dalam selokan yang fondasinya tidak mampu menahan beban kendaraan, sehingga mengakibatkan truk amblas dan terguling. 

Untuk personil yang terlibat:
- Sie Pammat Ditsamapta Polda Diy
- Satlantas Polresta Sleman
- Polres Sleman
- Polsek Mlati
- FPRB Sendangadi
- Redkar Sleman
- Warga sekitar

Tidak ada korban jiwa dalam kejadian ini ( nihil )

(Albert_wsn)","2025-07-10T13:29:50.416362Z"
96,117,"1","2025-07-10T13:30:00.428029Z",470,1.0,"[{""start"":46,""end"":70,""text"":""di Jalan Kaliurang km 20"",""labels"":[""LOC""]}]",9.249,"menginformasikan min, terjadi kebarakan mobil di Jalan Kaliurang km 20 pagi ini, mohon tetap safety dan berhati-hati lur, nama dan username tolong di anonim kan min, maturnuwun üôè https://t.co/M7HaCgLjCX","2025-07-10T13:30:00.428109Z"
116,118,"1","2025-07-10T13:30:13.465347Z",471,1.0,"[{""start"":74,""end"":105,""text"":""maguwo RT 16 banguntapan bantul"",""labels"":[""LOC""]},{""start"":159,""end"":176,""text"":""SMA 1 Banguntapan"",""labels"":[""LOC""]}]",12.33,"[Breaking News] ada truk njeglong,
barusan.,,
9.40 WIB, 27 Juni 2025,
 di maguwo RT 16 banguntapan bantul,
samping konveksi enggar collection,
sekitaran utara SMA 1 Banguntapan,

agar hati hati jika lewat sini

(soranibrahim.7) https://t.co/csie36f0dh","2025-07-10T13:30:13.465417Z"
118,119,"1","2025-07-10T13:30:32.732010Z",472,1.0,"[{""start"":80,""end"":94,""text"":""ringroad timur\\n"",""labels"":[""LOC""]},{""start"":64,""end"":79,""text"":""rs hardjolukito"",""labels"":[""LOC""]}]",18.368,"min tadi pagi pagi sekitar jam 5 pagi.. ada laka di lampu merah rs hardjolukito ringroad timur

(Dwiuwiu_) https://t.co/a0lwVUwhzg","2025-07-10T13:30:32.732059Z"
120,120,"1","2025-07-10T13:30:52.370960Z",473,1.0,"[{""start"":65,""end"":96,""text"":""jln wates KM 13 argosari sedayu"",""labels"":[""LOC""]}]",18.8,"Menginformasikan pukul 07.45 Wib laka tunggal R4 masuk jurang di jln wates KM 13 argosari sedayu,kronologi sementara karena sopir mengantuk.

(Yoga_karsa) https://t.co/g20yrwN9oJ","2025-07-10T13:30:52.371006Z"
129,121,"1","2025-07-10T13:31:03.425250Z",474,1.0,"[{""start"":66,""end"":77,""text"":""rskia bunda"",""labels"":[""LOC""]}]",9.926,"[Breaking News] terjadi  kecelakaan andong ketabrak mobil didepan rskia bunda jam sekitar 00.35

(Valleeeeeennnnnnnn) https://t.co/G2OInV64pB","2025-07-10T13:31:03.425301Z"
130,122,"1","2025-07-10T13:31:19.233543Z",475,1.0,"[{""start"":22,""end"":41,""text"":""Jalan Parangtritis "",""labels"":[""LOC""]},{""start"":54,""end"":72,""text"":""Jembatan Utara TPR"",""labels"":[""LOC""]}]",15.122,"[Breaking News] 00:39 Jalan Parangtritis macet , dari Jembatan Utara TPR sampai pesisir pantai 

(Dn_bagus2) https://t.co/gsRbd3cLVw","2025-07-10T13:31:19.233592Z"
149,123,"1","2025-07-10T13:31:33.001379Z",476,1.0,"[{""start"":61,""end"":77,""text"":""stasiun delanggu"",""labels"":[""LOC""]}]",12.924,"[Breaking News] Kereta KRL Jogja solo mengalami kerusakan di stasiun delanggu pada pukul 17.00, saat ini semua penumpang diturunkan sambil nunggu kereta pengganti dari Solo

#jogja #yogyakarta #merapiuncover #merapi #merapinews 

üì∏: hasansanz https://t.co/mRR9itoAVc","2025-07-10T13:31:33.001427Z"
152,124,"1","2025-07-10T13:31:50.798530Z",477,1.0,"[{""start"":87,""end"":116,""text"":""jalan Parangtritis Yogyakarta"",""labels"":[""LOC""]},{""start"":83,""end"":87,""text"":""ISI "",""labels"":[""LOC""]}]",17.054,"[Breaking News] 16:45 terjadi laka antara mobil dengan mobil box sore ini di dekat ISI jalan Parangtritis Yogyakarta 

(Menilprttw) https://t.co/8xThZlWEll","2025-07-10T13:31:50.798585Z"
177,125,"1","2025-07-10T13:32:00.086154Z",478,1.0,"[{""start"":0,""end"":15,""text"":""Jembatan janti "",""labels"":[""LOC""]}]",8.508,"Jembatan janti arah blok o macet, ada laka truck terguling | @Aan_FNH https://t.co/QJa1iQx0U7","2025-07-10T13:32:00.086234Z"
178,126,"1","2025-07-10T13:32:05.118587Z",479,1.0,"[{""start"":30,""end"":43,""text"":""jln malioboro"",""labels"":[""LOC""]}]",4.312,"[Breaking News] 20:56 Situasi jln malioboro macet poll lur

(Frlswdy_) https://t.co/tIccggfUvM","2025-07-10T13:32:05.118634Z"
179,127,"1","2025-07-10T13:32:17.535532Z",480,1.0,"[{""start"":81,""end"":90,""text"":""Qhomemart"",""labels"":[""LOC""]}]",11.613,"[Breaking News] lagi wae truck terguling nganggut sembako (minyak goreng)

depan Qhomemart, maju ke selatan 20mtr, rupanya senggolan dgn mobil putih

(Suseno_yudi_r) https://t.co/qRyHwuOitI","2025-07-10T13:32:17.535581Z"
180,128,"1","2025-07-10T13:32:28.050362Z",481,1.0,"",9.671,"Min tolong di loloskan untuk pemebelajaran, kmrn malam 24/06/2025 

Kejadian yg cukup membahayakan dr seorang pengendara motor yang melawan arah. Hampir mengakibatkan tabrakan beruntun krn saya rem mendadak. Untung kendaraan di belakang saya jaga jarak, bs ngerem dan menghindar. 

Maksih min","2025-07-10T13:32:28.050409Z"
182,129,"1","2025-07-10T13:32:44.003998Z",482,1.0,"[{""start"":79,""end"":88,""text"":""Tapanrejo"",""labels"":[""LOC""]},{""start"":89,""end"":100,""text"":""Mustokorejo"",""labels"":[""LOC""]},{""start"":102,""end"":115,""text"":""jl raya tajem"",""labels"":[""LOC""]},{""start"":117,""end"":128,""text"":""maguwoharjo"",""labels"":[""LOC""]}]",15.224,"RT @nabilaamayy_: ‚ÄºÔ∏èBARANG HILANG‚ÄºÔ∏è

Dompet kulit coklat
Lokasi hilang sekitar Tapanrejo-Mustokorejo (jl raya tajem, maguwoharjo) 
Waktu pe‚Ä¶","2025-07-10T13:32:44.004047Z"
186,130,"1","2025-07-10T13:33:06.568717Z",483,1.0,"[{""start"":79,""end"":98,""text"":""Pandowoharjo,Sleman"",""labels"":[""LOC""]}]",21.737,"Izin cerita min. Tadi sebelum Maghrib, ada kecelakaan di depan kos saya daerah Pandowoharjo,Sleman. Kecelakaan antara mobil Agya kuning dan motor Kawasaki hijau. Mobil Agya sudah nyalain lampu sign kanan mau belok kos untuk pulang. TPI dari arah pakem ke beran kenceng laki"" 2orang boncengan naik Kawasaki TANPA HELM. Mobil depan smpai hancur+kaca pecah dan orang yg naik motor yg depan tergeletak masih setengah sadar+berlumur darah. Sudah dibawa ambulance,dan yg punya mobil Agya kuningpun bertanggung jawab. Mohon hati"" jika berkendara. Utamakan keselamatan diri sendiri dan orang lain. Dan pakailah helm. Mohon di anonim min nama akun saya. Trimakasih.","2025-07-10T13:33:06.568764Z"
190,131,"1","2025-07-10T13:33:45.751300Z",484,1.0,"[{""start"":98,""end"":111,""text"":""Jalan Degolan"",""labels"":[""LOC""]},{""start"":140,""end"":148,""text"":""Ngemplak"",""labels"":[""LOC""]},{""start"":201,""end"":209,""text"":""Ngemplak"",""labels"":[""LOC""]}]",17.626,"Assalamualaikum min , terkait pak ogah kemarin yang menyebabkan laka lantas tanggal 24/06/2025 di Jalan Degolan sudah ditangani oleh Polsek Ngemplak secara sigap tadi siang . Terimakasih kepada polsek Ngemplak yang sudah menangani kejadian tersebut secara sigap dan membuatkan Surat Pernyataan kepada yang bersangkutan.Semoga tidak ada kejadian serupa lagi dan selamat semuanyaüôè","2025-07-10T13:33:45.751370Z"
192,132,"1","2025-07-10T13:33:58.296698Z",485,1.0,"[{""start"":120,""end"":144,""text"":""Koroulon Ngemplak Sleman"",""labels"":[""LOC""]}]",11.761,"Assalamualaikum wr.wb

Sebelumnya mau cerita sedikit min nama saya gausah di tampilkan aja
Kejadian tadi pagi di per4an Koroulon Ngemplak Sleman 
Jadi tadi kan tadi macet ada truk muatan pasir jalan pelan pelan pastinya rame kan ya. 
Ada mobil Pick Up putih saya Lupa gak tak foto tadi plat nya berhubung jalanya rame
Saya sudah ada di pinggir kiri mepet banget kiri kebetulan di samping belakang saya juga ada motor, mobil pick up putih tadi mau nglancanglah istilahnya kebetulan itu rame nyenggol belakang motor saya untung ngga jatuh min tapi kan kaget juga tiba"" di tabrak dari belakang ngga ada inisiatif minta maaf langsung pergi saya kejarlah, memang saking emosinya saya mengucapkan kata"" kayak misuh gitu ke supirnya dan saya lalu pergi supirnya juga biasa aja jelas"" nyenggol mungkin yang di belakang juga tau kejadian itu.
Wong ngga minta ganti rugi tapi setidaknya mengucapkan minta maaf apa salahnya.
Ya buat semuanya kalo ada kesalahan kecil apapun itu jika dilakukan dengan sengaja atau nggak sengaja ucapakanlah minta maaf
( Maaf min bahasa belepotan )

Maaf untuk foto kejadian dll ngga sempat di foto karena keburu kerja","2025-07-10T13:33:58.296744Z"
194,133,"1","2025-07-10T13:34:28.353329Z",486,1.0,"[{""start"":255,""end"":264,""text"":""Prambanan"",""labels"":[""LOC""]}]",29.254,"Mobil Terparkir Ditabrak Kendaraan yang Melaju, Kerusakan Tak Terhindarkan

Sebuah mobil yang tengah terparkir di pinggir jalan menjadi korban tabrakan oleh kendaraan lain yang melaju pada Rabu (25/6) siang. Insiden terjadi di kawasan Olive Fried Chicken Prambanan, mengakibatkan kerusakan pada bagian belakang mobil yang terparkir.

Menurut saksi mata, mobil penabrak melaju dengan kecepatan cukup tinggi sebelum menghantam kendaraan yang tengah terparkir. Mobil juga terlihat membawa barang yang sangat banyak. Tidak ada korban jiwa dalam peristiwa tersebut, namun kerugian material diperkirakan mencapai jutaan rupiah.

Masyarakat diimbau untuk lebih berhati-hati.

(Azka_joey)","2025-07-10T13:34:28.353382Z"
201,134,"1","2025-07-10T13:34:37.522210Z",487,1.0,"[{""start"":72,""end"":95,""text"":""engadilan negeri Sleman"",""labels"":[""LOC""]}]",8.39,"[Breaking News] 07:30 Info awal terjadi kecelakaan di perempatan dekat pengadilan negeri Sleman , sudah ada petugas TKP. 

Tetap hati hati di jalan ingat yang tersayang selalu menunggumu di rumah.

(marahmaraah) https://t.co/aaHXVpkIgQ","2025-07-10T13:34:37.522363Z"
209,135,"1","2025-07-10T13:34:50.348185Z",488,1.0,"[{""start"":31,""end"":50,""text"":""Karangturi Giwangan"",""labels"":[""LOC""]}]",12.112,"Pukul 22:20 Terjadi kecelakaan Karangturi Giwangan, Korban kakek kakek , sudah ada ambulan 

Tetap hati hati saat berkendara

(Novakarbowo44) https://t.co/SjGpvyVNuN","2025-07-10T13:34:50.348232Z"
210,136,"1","2025-07-10T13:35:02.776372Z",489,1.0,"",11.642,"Titip pesan min untuk para orang tua lebih hati¬≤ dalam memberikan ijin anaknya naik  motor,, kejadian tadi pagi,, anak smp bonceng tiga,, tanpa helm,, menghindari polisi,, sangat membahayakan pengguna jalan lain,,

Untung anak saya ga kenapa¬≤ di dalam mobil. Kalau terjadi kecelakaan,, pasti biasanya yang disalahin juga mobilnya kan,, terimakasih.

Sumber = dashcam üôÇüôè","2025-07-10T13:35:02.776419Z"
212,137,"1","2025-07-10T13:35:19.399003Z",490,1.0,"[{""start"":93,""end"":128,""text"":""perempatan Ringroad Kotagede-Pleret"",""labels"":[""LOC""]}]",15.933,"21:08 Min ada info laka kayaknya lumayan parah, sudah 2 ambulan merapat. Lokasi malam ini di perempatan Ringroad Kotagede-Pleret. Abaikan audio ya min, baru asumsi saja semoga tidak ada korban jiwa

(aditbudhii) https://t.co/NTOJnEBQme","2025-07-10T13:35:19.399082Z"
219,138,"1","2025-07-10T13:35:26.609677Z",491,1.0,"[{""start"":92,""end"":104,""text"":""jalan godean"",""labels"":[""LOC""]}]",6.472,"[Breaking News] 16:38 min, izin melaporkan. terjadi kecelakaan di dekat rumah saya (sekitar jalan godean) diduga karena jalannya licin akibat solar yang tumpah. 

(aw4som3) https://t.co/oabf0AhNg7","2025-07-10T13:35:26.609725Z"
226,139,"1","2025-07-10T13:35:38.719623Z",492,1.0,"[{""start"":41,""end"":51,""text"":""toko Mayar"",""labels"":[""LOC""]},{""start"":52,""end"":58,""text"":""bantul"",""labels"":[""LOC""]}]",11.375,"Halo min mau ngasih info, pohon di depan toko Mayar bantul langsung ditebas min https://t.co/xr1lalkT15","2025-07-10T13:35:38.719672Z"
232,140,"1","2025-07-10T13:35:45.561186Z",493,1.0,"[{""start"":16,""end"":29,""text"":"" jl magelang "",""labels"":[""LOC""]}]",5.985,"02:27 Kecelakaan jl magelang sebelum hotel grand serela min,
Info kronologi ditabrak mobil dari belakang, mobil bawa miras

Anonim ya min https://t.co/vHCXLVdmvF","2025-07-10T13:35:45.561235Z"
235,141,"1","2025-07-10T13:35:52.767256Z",494,1.0,"",6.489,"Goncengan 3,yg tengah kedua tangan dipegang kebelakang n pura2 teler.mereka maksudnya bcanda tp buat pengguna jln lain takut.ingat selalu utamakan selamat hati2 n tertib di jln

(gangsalwirajati) https://t.co/HFXZAktsjL","2025-07-10T13:35:52.767304Z"
238,142,"1","2025-07-10T13:36:04.939834Z",495,1.0,"[{""start"":92,""end"":98,""text"":""jakal "",""labels"":[""LOC""]}]",11.49,"Min mau cerita,
Kemarin kan suamiku mau berangkat kerja,kerjanya di salah satu hotel daerah jakal min
Pas berangkat kejatuhan pohon min,pohon tumbang di jalan bantul lebih tepatnya di depan toko mayar barat jalan min
Motor rusak min
Alhamdulillah suamiku luka ringan
Tp kata suami ibu""sekitar bilang itu pohon harusnya di tebang sudah di laporkan ke dinas lingkungan hidup bantul tp ngga ada respon
Saya sendiri jg bingung mau lapor kemana
Bukan masalah nominalnya tp tanggung jawabnya dari dinas terkait kenapa ngga ada respon
Terimakasih sebelumnya min

Kemarin sempat ada bpbd bantul tp juga lempar katane bukan ranah mereka,itu tanggung jawab dinas lingkungan hidup bantul min

(Sukmagaluhtunggularumanik)","2025-07-10T13:36:04.939880Z"
250,143,"1","2025-07-10T13:36:12.527941Z",496,1.0,"[{""start"":45,""end"":58,""text"":""jl Wates KM 8"",""labels"":[""LOC""]}]",6.816,"[Breaking News] 14:45 terjadi  kecelakaan di jl Wates KM 8, hindari jalan tersebut karena kemacetan lumayan panjang.

(Goioiooooo) https://t.co/vMNSh8CQFI","2025-07-10T13:36:12.527995Z"
255,144,"1","2025-07-10T13:36:30.192117Z",497,1.0,"[{""start"":118,""end"":132,""text"":""pantai ngungap"",""labels"":[""LOC""]},{""start"":133,""end"":145,""text"":""gunungkidul "",""labels"":[""LOC""]}]",16.94,"[Breaking News] Team sar melakukan evakuasi terhadap jaka prayitna yang ditemukan dalam kondisi henti nafas di tebing pantai ngungap gunungkidul yogyakarta.

Team sar menerjunkan 1 orang petugas untuk menurunu bukit, usai di evakuasi. Korban langsung dibawa ke rumah duka

(fokusgunungkidul)","2025-07-10T13:36:30.192195Z"
262,145,"1","2025-07-10T13:36:51.395075Z",498,1.0,"[{""start"":88,""end"":104,""text"":""ringroad selatan"",""labels"":[""LOC""]},{""start"":130,""end"":133,""text"":""UAD"",""labels"":[""LOC""]}]",20.47,"Min, mau cerita kejadian yg menimpaku jumat sore kemaren.¬†

Posisiku pulang kerja lewat ringroad selatan, nah pas di timur masjid UAD sekitar jam 18.00 WIB itu mau nyalip motor satu di depan tapi baru nganan dikit ternyata dr arah barat (belakang) ada motor kronjot lewat dan nyeret stang motorku jd aku kebanting kanan dan sempet keseret, alhamdulillah masih sadar tp patah tulang selangka.. trus tu motor kronjot tetep bablas, dah sempet dikejar tp gak ketangkap...¬†

Maturnuwun buat mas2 dan bapak2 yang udah bantuin sya malem itu

Himbauan aja buat para pengendara motor kronjot, lebih hati hati mengira ira ukuran bawaannya dan besarnya kronjot karena ternyata banyak cerita yg sama, ketabrak motor kronjot sampe jatuh dan patah tulang.

Tolong sembunyikan identitas saya ya min....

#Jogja #Yogyakarta #Merapi #merapiuncover
#merapinews","2025-07-10T13:36:51.395161Z"
264,146,"1","2025-07-10T13:37:06.373219Z",499,1.0,"[{""start"":42,""end"":55,""text"":""Jl. Srandakan"",""labels"":[""LOC""]},{""start"":74,""end"":91,""text"":""POM Pandak Bantul"",""labels"":[""LOC""]}]",14.217,"Menindak lanjuti kejadian laka tunggal di Jl. Srandakan tepatnya di barat POM Pandak Bantul. Korban mbak2 akibat aspal jalan bergelombang. Senin (7/7)

Polsek Pandak dan Unit Lantas Polres Bantul cek lokasi dan koordinasi dengan dinas terkait.

Dari Dinas terkait sudah memperbaiki jalan yang bergelombang. Selasa (8/7)

Semoga tidak ada lagi korban, dan kepada masyarakat dimohon berhati2 dalam berkendara, jaga konsentrasi dan kecepatan guna mencegah laka. | @inengahjeffry92","2025-07-10T13:37:06.373273Z"
271,147,"1","2025-07-10T13:37:17.118196Z",500,1.0,"[{""start"":37,""end"":62,""text"":""jalan semanu pracimantoro"",""labels"":[""LOC""]},{""start"":151,""end"":176,""text"":""jln semanu - pracimantoro"",""labels"":[""LOC""]}]",10.012,"[Breaking New] 10:55 terjadi laka di jalan semanu pracimantoro

Truk bermuatan pasir as roda nya putus lalu mundur dan terguling di tanjakan pokcucak (jln semanu - pracimantoro) sopir mandali tidak ada korban dan sekarang proses evakuasi

(Irvanpmbd) https://t.co/RhGkdMVw10","2025-07-10T13:37:17.118244Z"
274,148,"1","2025-07-10T13:37:32.845491Z",501,1.0,"[{""start"":40,""end"":55,""text"":""Candi Prambanan"",""labels"":[""LOC""]}]",14.968,"Kemegahan Merapi sebagai latar belakang Candi Prambanan

Instanusantara Upload Bersama

INUB 7 Juli 2025

(a4r_photography) https://t.co/tE31M8U2tX","2025-07-10T13:37:32.845541Z"
279,149,"1","2025-07-10T13:37:39.454534Z",502,1.0,"[{""start"":52,""end"":64,""text"":""SPBU Bugisan"",""labels"":[""LOC""]}]",5.78,"Pukul 23:32 terjadi kecelakaan (tabrakan ) di dekat SPBU Bugisan, motor membawa kaca dan menabrak mobil sedang parkir

(Gabril.s_) https://t.co/MhzdaWjiQT","2025-07-10T13:37:39.454583Z"
281,150,"1","2025-07-10T13:38:05.531880Z",503,1.0,"[{""start"":39,""end"":55,""text"":""ringroad selatan"",""labels"":[""LOC""]}]",25.331,"Hallo min menginformasikan kalau lewat ringroad selatan dari perempatan wojo arah ketimur harap hati2. Jalan berlubang, minim penerangan. Tadi sempat terjadi laka tunggal. Korban gojek. Alhamdulillah sudah terkondisikan

Monggo @pemkabbantul dibenakke dalane | @xiexieytta https://t.co/fG1nsDVcXk","2025-07-10T13:38:05.531962Z"
282,151,"1","2025-07-10T13:38:21.174088Z",504,1.0,"[{""start"":56,""end"":72,""text"":""jl.jend suprapto"",""labels"":[""LOC""]},{""start"":79,""end"":96,""text"":""hotel edu hostel "",""labels"":[""LOC""]}]",14.952,"Ijin lapor min 23.15 telah terjadi laka tunggal dijalan jl.jend suprapto depan hotel edu hostel , korban ibu2 akibat polisi tidur terlalu tinggi dan jalanan licin . Korban sudah dikondisikan oleh ambulance rs pku muhammadiyah, terimakasih minüôè

(Doniswn) https://t.co/bJpJf2E8JY","2025-07-10T13:38:21.174135Z"
283,152,"1","2025-07-10T13:39:13.207795Z",505,1.0,"[{""start"":342,""end"":356,""text"":"" jl. opak raya"",""labels"":[""LOC""]},{""start"":294,""end"":321,""text"":""MBS Ar Fachrudin Prambanan "",""labels"":[""LOC""]},{""start"":321,""end"":330,""text"":""bokoharjo"",""labels"":[""LOC""]}]",51.255,"min mau lapor ibu saya baru aja kena pelecehan seksual. jadi hari senin, 7 juli 2025 sekitar jam 21.00 an niatnya mau mengembalikan motor temen ibu saya di area kalasan. nah ibu saya pergi duluan saya nyusul pake motor lain karna biar pulangnya saya boncengin ibu saya. pas sampe jalan sekitar MBS Ar Fachrudin Prambanan bokoharjo mau ke arah jl. opak raya yg pada dasarnya emg gelap dari belakang ibu saya ada mas"" naik motor matic, helm putih, celana jeans, jaket hitam, perawakan agak berisi, sepertinya masih muda. dikira itu saya makanya ibu saya pelan-pelan pas udh deket malah mepet trs megang bagian depan, ibu saya kaget jatuh ke pinggir sawah ketimpa motor, pelaku lgsg pergi ngebut. ibu saya bangun sndrian ga ada yg nolong karna jalan sepi dan gelap akhirnya ibu saya puter balik trs ketemu saya yg lagi nyusulin. niatnya mau saya kejar tapi udh pergi dan posisi ibu saya sendirian jadi akhirnya kami pulang lapor ke rt. sayangnya ibu saya ga liat plat motornya karna posisi keburu jatuh dan gelap. buat tmn"" terutama cewek klo lewat jalan sepi malam"" lebih hati"" krn kejahatan skrg ga mandang gender, penampilan, bahkan umur. ga habis pikir aja ada org jahat otak kotor kolot ngelakuin hal menjijikkan ke orang tua. pdhl ibu saya berhijab, berpenampilan biasa sopan. berdoa bgt semoga pelaku dpt ganjarannya","2025-07-10T13:39:13.207843Z"
285,153,"1","2025-07-10T13:39:55.650779Z",506,1.0,"[{""start"":44,""end"":57,""text"":""jln srandakan"",""labels"":[""LOC""]},{""start"":73,""end"":82,""text"":""srandakan"",""labels"":[""LOC""]},{""start"":93,""end"":106,""text"":""pandak Bantul"",""labels"":[""LOC""]}]",41.56,"[Breaking News] 22:0 terjadi laka lantas di jln srandakan tepate dijalan srandakan barat pom pandak Bantul korban mbak2 akibat aspal jalannya bergelombang mohon untuk dinas terkait untuk bisa mengkondisikan supaya tidak ada korban lagi

(Fehbriifehbrii) https://t.co/8sth9jkwyz","2025-07-10T13:39:55.650837Z"
293,154,"1","2025-07-10T13:40:04.028112Z",507,1.0,"[{""start"":47,""end"":95,""text"":""panti asuhan yatim putra muhammadiyah yogyakarta"",""labels"":[""LOC""]}]",7.529,"[Breaking News]16:54terjadi kecelakaan didepan panti asuhan yatim putra muhammadiyah yogyakarta lowanu min

kronologinya belum tau min, tetap hati hati saja saat berkendara

(Raflyfdillah) https://t.co/0S3F39juiX","2025-07-10T13:40:04.028215Z"
309,155,"1","2025-07-10T13:40:12.152927Z",508,1.0,"[{""start"":43,""end"":60,""text"":""alfamidi murangan"",""labels"":[""LOC""]}]",7.391,"terjadi kecelakaan tdi subuh min, di depan alfamidi murangan, antara tukanh sayur dan tukang angkut sampah, kedua korban udh di bawa ke rs murangan

(fprimaaa) https://t.co/ZtAUcoToAo","2025-07-10T13:40:12.153004Z"
311,156,"1","2025-07-10T13:40:20.076090Z",509,1.0,"[{""start"":62,""end"":69,""text"":""seturan"",""labels"":[""LOC""]}]",7.204,"[Breaking News] 03:19 info awal terjadi kecelakaan tunggal di seturan, sudah ada ambulan di lokasi. Tetap hati hati di jalan lur 

(Andrerhma) https://t.co/HLuWuQ7BFI","2025-07-10T13:40:20.076137Z"
321,157,"1","2025-07-10T13:40:36.455566Z",510,1.0,"[{""start"":47,""end"":68,""text"":""masjid agung bantul a"",""labels"":[""LOC""]},{""start"":85,""end"":97,""text"":""TK Al-Azhar,"",""labels"":[""LOC""]}]",15.664,"Breaking news, baru saja laka tunggal di barat masjid agung bantul atau pasnya depan TK Al-Azhar, 1 korban luka di tangan, menurut info warga sekitar, pengendara tidak melihat ada jeglongan didepan, dan minimnya penerangan jalan (banyak spot gelap), luncuran 1 unit ambulance embun surga badegan bantul, sudah terkondisi di RS PKU Muhammadiyah Bantul 

(Fahrizaldi26)","2025-07-10T13:40:36.455613Z"
322,158,"1","2025-07-10T13:40:46.607002Z",511,1.0,"[{""start"":38,""end"":55,""text"":""sma muhamadiyah 2"",""labels"":[""LOC""]}]",9.36,"[Breaking News] 21:45Laka min.. Depan sma muhamadiyah 2 .. Kronologi kurang tau, Motornya yg 1 vario  yg 1 kurang tau.. Sudah ditangani 2 ambulan..  Sama polsek umbulharjo

(Rikkarafiansya) https://t.co/rDt4MlrFG8","2025-07-10T13:40:46.607092Z"
323,159,"1","2025-07-10T13:41:00.771716Z",512,1.0,"[{""start"":18,""end"":38,""text"":""jalan bantul selatan"",""labels"":[""LOC""]},{""start"":39,""end"":47,""text"":""pom diro"",""labels"":[""LOC""]}]",13.461,"Laka tadi sore di jalan bantul selatan pom diro, motor vs motor, 2 korban dilarikan ke RS PKU Muhammadiyah Bantul kota dengan 2 ambulance, 1 unit dari PMI Bantul dan 1 unit ambulance embun surga badegan bantul https://t.co/tBEH0btBpg","2025-07-10T13:41:00.771778Z"
325,160,"1","2025-07-10T13:41:09.721210Z",513,1.0,"[{""start"":29,""end"":48,""text"":""Jalan Imogiri Barat"",""labels"":[""LOC""]}]",8.194,"Info kecelakaan min, tadi di Jalan Imogiri Barat di depan Toko Janitra Stationery. Bapak-bapak sudah lumayan sepuh naik sepeda sepertinya ""tersenggol"" mobil hatchback merah (mobil gagal nyalip jadinya bagian belakang ada kontak ke korban). Maaf posisi TNKB tidak tercapture karena jarak lumayan jauh. Korban sudah ditolong sama beberapa orang baik di lokasi dan semoga tidak ada luka serius Aamiin. Mobil yang terindikasi nyenggol ke arah utara, tadi ada mas2 ojol yang sepertinya juga mencoba ngejar.

Mohon username disamarkan ya min. Makasih üôèüèª","2025-07-10T13:41:09.721258Z"
330,161,"1","2025-07-10T13:41:33.106266Z",514,1.0,"[{""start"":94,""end"":108,""text"":""perempatan UPN"",""labels"":[""LOC""]},{""start"":139,""end"":146,""text"":""FEB UII"",""labels"":[""LOC""]}]",22.637,"Min bantu posting nggih. Minta tolong itikad baiknya.

Saya tadi berhenti saat lampu merah di perempatan UPN dari arah selatan menuju arah FEB UII tiba-tiba ditabrak dari belakang dan saya ga menghiraukannya karena saya kira ditabrak ga sampe parah segitunya dan orangnya ga ada komunikasi buat itikad baiknya, tau taunya sampe pecah gitu.

Kejadian Minggu 6 Juli 2025 antara jam 18:24 - 18:29","2025-07-10T13:41:33.106314Z"
331,162,"1","2025-07-10T13:41:45.930349Z",515,1.0,"[{""start"":39,""end"":50,""text"":""jalan cepit"",""labels"":[""LOC""]},{""start"":52,""end"":57,""text"":""sewon"",""labels"":[""LOC""]},{""start"":59,""end"":65,""text"":""Bantul"",""labels"":[""LOC""]}]",12.043,"19:14 Diinfokan terdapat kecelakaan di jalan cepit, sewon, Bantul

Untuk tragedi belom diketahui
Indikasi perempuan

#Jogja #Yogyakarta #Merapi #Merapiuncover #Merapinews 
(nhwwwnnn) https://t.co/FMjGd9MHTo","2025-07-10T13:41:45.930427Z"
334,163,"1","2025-07-10T13:41:56.624516Z",516,1.0,"[{""start"":31,""end"":57,""text"":""jalan kaliwaru selomartani"",""labels"":[""LOC""]}]",9.9,"kecelakaan motor sama motor di jalan kaliwaru selomartani sekitar jam 16.59,bapaknya sama anak istri,istrinya tidak sadarkan diri https://t.co/cJgveSGTLi","2025-07-10T13:41:56.624597Z"
336,164,"1","2025-07-10T13:42:05.913508Z",517,1.0,"[{""start"":44,""end"":61,""text"":""jalan Cangkringan"",""labels"":[""LOC""]}]",8.45,"[Breaking News] 17:05 terjadi kecelakaan di jalan Cangkringan bawah lur, tetap hati hati saat berkendara lur 

Korban kurang paham saya , kelihatannya kepala dari sisi belakang bocor , korban tidak sadar

Darah keluar trus dari sisi belakang kepala yang terbentur, ditutupin dengan kain agar tidak mengalir trus dari sepengetahuan penglihatan saya üôè

(Anwribrahim__)","2025-07-10T13:42:05.913588Z"
340,165,"1","2025-07-10T13:42:15.188584Z",518,1.0,"[{""start"":54,""end"":73,""text"":""jalan wonosari Km 8"",""labels"":[""LOC""]}]",8.535,"[Breaking News] 14:12 info awal terjadi kecelakaan di jalan wonosari Km 8, mobil dengan mobil, kronologi menyusul.

Tetap hati hati lur, ingat yang tersayang selalu menunggumu di rumah.

(Efrat_tirta) https://t.co/cxfTQw7hjI","2025-07-10T13:42:15.188632Z"
349,166,"1","2025-07-10T13:42:29.570444Z",519,1.0,"[{""start"":42,""end"":62,""text"":""Jalan Kaliurang KM 8"",""labels"":[""LOC""]}]",13.655,"terjadi tabrakan mobil di depan Gardu PLN Jalan Kaliurang KM 8 Banteng jam 05.30an, Minggu 6 Juli 2025

Kronologi belum begitu paham karena hanya pas lewat. 

(Langitwasana) https://t.co/2HCdMknGIH","2025-07-10T13:42:29.570529Z"
362,167,"1","2025-07-10T13:42:39.357210Z",520,1.0,"[{""start"":92,""end"":106,""text"":"" jalan palagan"",""labels"":[""LOC""]}]",9.065,"Min tolong lolosin biar bisa buat pembelajaran bersama..

Hari ini aku kecelakaan tunggal di jalan palagan, leherku kesangkut kabel wifi yang baru mau dipasang..

Kronologi mereka nyebrang bawa kabel, dan awalnya posisi kabel udah di atas, kendaraan depanku juga lewat dengan selamat. Apesnya pas aku lewat kabelnya jatuh (kata masnya) dan kena ke leherku.

Kondisi luka luka di leher, lengan kanan kiri, punggung, sama kaki kanan..

Kondisi motor remuk ü•≤

Pesen buat semuanya aja terutama petugas lapangan yang sering masang kabel/tali di jalan, sisain seenggaknya 1 orang buat ngatur lalu lintas, karena kalo udah kejadian kaya gini udah bahaya banget.

ü•≤ü•≤ü•≤

*Btw mas-masnya udah tanggungjawab bayar pengobatanku + benerin motorku. Jadi udah damai. Postingan ini buat pengingat aja buat semuanya untuk ekstra hati hati, karena udah hati-hati aja begini..

(Avocaduh)","2025-07-10T13:42:39.357261Z"
363,168,"1","2025-07-10T13:43:03.360805Z",521,1.0,"[{""start"":136,""end"":159,""text"":""Pelemsewu Sewon Bantul "",""labels"":[""LOC""]}]",21.432000000000002,"Menindaklanjuti postingan dari mbak @chacha.ersa___ perihal kejadian tindak kurang menyenangan dan meresahkan yang terjadi pada ibu2 di Pelemsewu Sewon Bantul pada hari Jumat 20 Juni dan 4 Juli 2025.

Kejadian ini sudah diselesaikan secara kekeluargaan, kedua belah pihak sudah ditemukan dan didampingi Bhabinkamtibmas. Sabtu (5/7)

Diduga pelaku LHT (31) asal Sewon alami keterbelakangan mental dan diketahui sejak usia 12th. Adik dari terduga pelaku sudah datang dan meminta maaf ke korban beserta keluarga.

Terima kasih kepada pihak yang membantu menyelesaikan masalah. Bila mengetahui atau mengalami tindak pidana di wilayah Bantul dapat menguhubungi call center Polri di 110 atau hotline Polres Bantul di 0856 00479110. | @inengahjeffry92","2025-07-10T13:43:03.360879Z"
370,169,"1","2025-07-10T13:43:19.756459Z",522,1.0,"[{""start"":68,""end"":77,""text"":""Jl. Wates"",""labels"":[""LOC""]},{""start"":93,""end"":116,""text"":""SGPLB Kalibayem Kasihan"",""labels"":[""LOC""]}]",15.605,"Ijin melaporkan pasien Mr. X tanpa identitas korban laka tunggal di Jl. Wates tepatnya depan SGPLB Kalibayem Kasihan. Pasien saat ini kondisinya blm sadarkan diri. Sudah mendapatkan pertolongan dirawat di ICU RS PKU Muhammadiyah Gamping.
Mohon dibantu untuk posting agar segera mendapatkan titik temu keluarganya. Terimakasih Admin.","2025-07-10T13:43:19.756506Z"
398,170,"1","2025-07-10T13:43:31.023638Z",523,1.0,"[{""start"":51,""end"":61,""text"":""sentolo kp"",""labels"":[""LOC""]}]",10.518,"ijin menyampaikan lur ada kecelakaan kereta api di sentolo kp pada pukul 19.20an korban simbah simbah kondisi korban meninggal karena benturan yang keras https://t.co/yttCoud6RH","2025-07-10T13:43:31.023698Z"
399,171,"1","2025-07-10T13:43:46.126899Z",524,1.0,"[{""start"":86,""end"":107,""text"":"" jl. Kaliurang km 4,5"",""labels"":[""LOC""]}]",14.391,"Min minta tolomg untuk dinas terkait bisa benar benar membenahi traffic light / bangjo jl. Kaliurang km 4,5 yg utara hampir 1 bulan kok sering erornya. Rawan kecelakaan karena alur traffic lightnya arah jarum jam. Tulung tenan min. Timbangane resiko. https://t.co/V0KV7uiL8q","2025-07-10T13:43:46.126962Z"
402,172,"1","2025-07-10T13:43:53.004627Z",525,1.0,"",6.153,"Selamat sore min

Ijin memosting video trans jogja yang berasap tebal. Dari 2017 sudah mengaspal dan dari pihak dishub  belum ada rencana diperemajaain min.... Saya dari tadi naik motor dibelakang bus ini, muka saya kotor dan jadi ber-abu

Hide akun saya ya min https://t.co/wlGXosXorK","2025-07-10T13:43:53.004706Z"
404,173,"1","2025-07-10T13:44:00.848345Z",526,1.0,"[{""start"":8,""end"":22,""text"":""ringroad utara"",""labels"":[""LOC""]},{""start"":24,""end"":49,""text"":""timur underpass kentungan"",""labels"":[""LOC""]}]",7.11,"Laka di ringroad utara, timur underpass kentungan, sudah ada polisi untuk evakuasi 

(Bektinuegroho) https://t.co/hIvdADtLQV","2025-07-10T13:44:00.848425Z"
406,174,"1","2025-07-10T13:44:12.530793Z",527,1.0,"[{""start"":36,""end"":48,""text"":""stasiun tugu"",""labels"":[""LOC""]}]",10.775,"barusan banget min, jalan menuju ke stasiun tugu. Motor posisi jalan tiba tiba senar melilit ke leher saya, sampe ngerem mendadak dan jatuh terkena mobil di depan saya. Korban bukan cuma saya, dibelakang saya ada grab kakinya terlilit senar gelasan tsb

(Notime.4romance) https://t.co/6ml7avNwi3","2025-07-10T13:44:12.530868Z"
407,175,"1","2025-07-10T13:44:28.037000Z",528,1.0,"[{""start"":64,""end"":78,""text"":""timur underpas\\n"",""labels"":[""LOC""]}]",14.761,"[Breaking News] 15:09 terjadi laka mobil naik pembatas jalan di timur underpas

(Glanvalbertx_) https://t.co/v6MkJdrr7H","2025-07-10T13:44:28.037054Z"
416,176,"1","2025-07-10T13:44:36.916833Z",529,1.0,"",8.126,"Hallo min,ak mau curhat lah min soalnya udh risih bangett,
Jdi gini min thun kmren ak smpet kenal sm cewek dia ngekos di kalasan,nah dia tu kliah di jogja ini di salah stu kmpus yg kmpus ke2 tu pkoknya gk jauh dri std maguwo,
Trs dlu tu cmn chtingn smnggu krng lbih abis itu ktmuan pun cumn skli truss lost contact,gk ada lg kbr kbran atau ktmuan abis ituu ,
Nah yg jdi mslahnya trnyta dithun ini tu dri mnggu belakang ada no masuk spam tlpon ke hp saya,saya gk knal kan 
Saya cek lah di getcontact tp namanya pnipuan,tp no nya beda beda trus yg spam ke hp saya itu trus ada wktu itu saya angkat tlponnya trnyata itu adalah admin pinjol,dia nanyain tentang si cewek itu tdi 
Ktanya kenal gk sama nama cewek itu tdi,saya tnya alamtnya mana jogja kta admin pnjolnya kan,yaudh krna gk mau bsa bsi sya jawab aja gk kenal
Saya pikir setelah itu bakalan selsai,eh ternyata smpe skrg no adm pnjol yg selalu gonta ganti itu selalu nelpon ke saya dan anehnyaa
Ini aneh banget min ya adm pnjol itu nelponnya di Sim kedua saya,nah sedangkan sim kdua saya itu bru beli,saya belinya setelah gk ada hbungn lg sma tu cewek,
Dn bner bner stu orng pun gk ada yg tau sm itu no 
Tp kok si adm pnjol itu tdi bisa tau no saya dn bisa menanyakan ke saya tentang si cewek itu tdi
Saya risih nya di spam tlpon truss tiap hari,
Tolong lah kalian para cewek cewek kalo hdup dkota orng gk ush ngikutin gengsi klo miskin ya miskin aja gk ush sok kaya dengn pinjol pinjol
Kalo kek gini kan saya jg bngung min saya gk mnjam tp yg di teror trus menerus saya,saya jg risih diteror tlpon tiap hri ada mngkin spluh klian mreka nlponi saya
Kalo bisa di up ya min buat pelajaran,nama si cewek itu sundari novita anggraeni
Biarin aja klo mau di up gk ush di sensor nama tu cewek
Sensor aja username dn profil saya min,terima kasih","2025-07-10T13:44:36.916880Z"
417,177,"1","2025-07-10T13:45:05.684072Z",530,1.0,"[{""start"":25,""end"":50,""text"":""Alfamidi barat Pom siyono"",""labels"":[""LOC""]},{""start"":51,""end"":58,""text"":"" Playen"",""labels"":[""LOC""]},{""start"":60,""end"":71,""text"":""Gunungkidul"",""labels"":[""LOC""]}]",27.948,"Kecelakaan truk di depan Alfamidi barat Pom siyono, Playen, Gunungkidul. Truk kuning ini menabrak truk tronton/kontainer yang saat itu tengah terparkir di depan Alfamidi sekitar pukul 03.00 WIB. Korban telah di bawa ke RSUD untuk mendapatkan perawatan.

Kondisi truk pun mengalami ringsek perah dibagian depannya.

(sekilas_gunungkidul)","2025-07-10T13:45:05.684144Z"
424,178,"1","2025-07-10T13:45:14.634121Z",531,1.0,"[{""start"":90,""end"":110,""text"":""l HOS cokromaminoto "",""labels"":[""LOC""]}]",8.133,"Malam min, mohon diteruskan di dinas terkait ya... Jalan di selatan teteg rel kereta api jl HOS cokromaminoto masih belum tertangani. Awalnya ditutup pakai lempengan besi, beda hari lempengan besinya sudah hilang, tapi jalan blm diperbarui, rawan licin dan bisa menyebabkan kecelakaan min.. sudah berhari2 lewat masih sama kondisinya, dan makin kecembeng. Mohon dibantu ya min.. terimaksih üôèüèª

(Pendopo.avovado)","2025-07-10T13:45:14.634169Z"
438,179,"1","2025-07-10T13:45:26.078707Z",532,1.0,"[{""start"":64,""end"":91,""text"":"" Pantai Selatan pesisir DIY"",""labels"":[""LOC""]}]",10.714,"Kami  mengimbau masyarakat dan wisatawan untuk tidak berenang di Pantai Selatan pesisir DIY, terutama selama musim liburan sekolah.

Imbauan ini sejalan dengan arahan Gubernur DIY, Sri Sultan HB X, guna mencegah kecelakaan laut akibat gelombang tinggi pada saat musim angin timur.

Utamakan keselamatan, patuhi rambu dan arahan petugas. | @PoldaJogja","2025-07-10T13:45:26.078755Z"
446,180,"1","2025-07-10T13:45:34.028855Z",533,1.0,"[{""start"":51,""end"":67,""text"":""Jl Imogiri timur"",""labels"":[""LOC""]}]",7.185,"izin info min,3 juli pagi ini terjadi kecelakan di Jl Imogiri timur,pas nya di samping warung miayam Tumini,kronologinya kurang tauu,motor hancur terlindas bus...mengingatkan supaya lebih hati-hati saja,karna ga tau kita sudah hati-hati tapi orang lain tidak hati-hati,maturnuwun.
Salem sehat....

(_itsnaniya)","2025-07-10T13:45:34.028912Z"
447,181,"1","2025-07-10T13:45:58.719469Z",534,1.0,"[{""start"":62,""end"":86,""text"":""perempatan imogiri timur"",""labels"":[""LOC""]},{""start"":89,""end"":100,""text"":""jln monumen"",""labels"":[""LOC""]},{""start"":262,""end"":270,""text"":""giwangan"",""labels"":[""LOC""]}]",23.884,"[Breaking News] 05:48 terjadi kecelakaan pagi ini pagi ini di perempatan imogiri timur n jln monumen perjuangan mtor 1 (vario) /kondisi pengdara parah. dr arah barat tertabrak bus dari arah selatan, terpental kemudian mengenai motor bapak bawa kronjot dari arah giwangan, motor hancur tp sang bapak tidak ada luka berarti.

(budiarifingiri)","2025-07-10T13:45:58.719515Z"
453,182,"1","2025-07-10T13:46:30.308311Z",535,1.0,"",30.665,"Malam min.Mohon. Bantuan up info kembali, Korban KANCIL

Kronologi : 2023 si KANCIL ada ide merelokasi Cafe miliknya ke tanahnya Sltn. Tapi jalan nya kecil. Lalu memanfaatkan Pokir Dewan dalam membuat talud irigasi  untuk nyumbang ide pelebaran jalan. 
Singkat cerita, dalam pelebaran jalan, beberapa pemilik tanah tidak bersedia merelakan tanahnya dengan cuma2, karena ada aturannya untuk pelebaran jalan ada kompensasi. Diadakan 3x sosialisasi dan mediasi, banyak yang tetep tidak sepakat kalau gratis. Tapi hanya beberapa yang vokal menolak, lainnya diam. Karena Kancil terkenal suka Intimidasi. Dan benar, ketika beberapa orang yang vokal tadi tetap menolak, orang itu sampai didatangi kerumahnya oleh KANCIL dan pasukan. Jika tidak merelakan, ya akan ada konsekuensi. 
Lalu karena deadline pokir Talud, akhirnya Talud dikerjakan dengan menggasak tanah warga. Warga yang tidak terima, berkali-kali menanyakan kepada kelurahan, tapi tidak berkenan. 
Mohon dibantu up. karena sempat diadukan ke Dinas terkait, ditolak. 

- Samarkan nama Saya ya admin -

(H. B.)","2025-07-10T13:46:30.308360Z"
459,183,"1","2025-07-10T13:47:11.992587Z",536,1.0,"[{""start"":142,""end"":153,""text"":"" jl monjali"",""labels"":[""LOC""]},{""start"":171,""end"":174,""text"":""UGM"",""labels"":[""LOC""]}]",40.934,"Ijin share dan info keberadaan mas ini min, tadi sore sekitar pkl 16:55 sy pengendara mobil terlibat laka dengan sepeda motor di traffic light jl monjali arah ke jembatan UGM, kronologinya sy dari arah monjali mau belok kiri lampu msh orange tiba¬≤ sepeda motor yg dikendarai seorang ibu dan anak perempuan di depan sy ngerem mendadak otomatis sy juga ngerem agar tdk nubruk depan, tp ternyata sepeda motor di belakang sy nubruk dari belakang sampai hancur body depan motornya juga body belakang mobil sy penyok, singkat cerita masnya ksh ktp dan shareloc lalu kt putuskan utk diskusi malam ini krn masnya juga tergesa mau antar pacarnya tp hingga saat ini sy telepon dan chat tdk ada balasan dan ternyata stlh sy cari alamatnya lalu tanya warga setempat dan pak rt setempat sesuai shareloc yg diberikan ternyata fiktif dan pak rt tdk mengenal mas ini, mohon info bagi yg tahu keberadaan mas ini paling tdk bisa dibicarakan kekeluargaan, matur suwun selalu taat berlalu lintas dan jangan lupa berdoa

(Pracas28)","2025-07-10T13:47:11.992633Z"
460,184,"1","2025-07-10T13:47:25.296511Z",537,1.0,"[{""start"":22,""end"":56,""text"":""Dayakan, Tanjungsari, Gunungkidul "",""labels"":[""LOC""]}]",12.494,"Kecelakaan terjadi di Dayakan, Tanjungsari, Gunungkidul sekitar pukul 19.30 WIB tadi, antara sepeda motor dengan mobil.

Meneruskan informasi warga, mobil dari arah bawah utara mau belok ke kanan,motor dari arah barat nanjak,ditabrak mobil dari bawah jalan kecil itu min. 

Akibat kejadian tersebut, korban dilarikan ke rumah sakit terdekat menggunakan ambulance karena mengalami syok. 

vid : yeashayeayea
(sekilas_gunungkidul )","2025-07-10T13:47:25.296571Z"
462,185,"1","2025-07-10T13:47:31.811618Z",538,1.0,"",5.786,"malam min, mau melaporkan mobil fortuner yang menggunakan lampu sorot belakang putih, membuat mata perih, bahkan tadi hampir nabrak motor gara‚Äù kurang terlihat (minta tolong saya disensor ya min) terimakasih https://t.co/g0Te3tMMTd","2025-07-10T13:47:31.811666Z"
465,186,"1","2025-07-10T13:47:51.503933Z",539,1.0,"[{""start"":69,""end"":97,""text"":""kios pigura perempatan sagan"",""labels"":[""LOC""]}]",18.985,"Bagi mbak-mbak yang merasa kehilangan sweater ini, terjatuh di depan kios pigura perempatan sagan, sepertinya terjatuh setelah mbaknya menepi sebentar lali pergi melanjutkan perjalanan pada hari jumat malam sekitar pukul 20.00.

Saat ini sweater berada di Larasati Pigura, bagi yang merasa memiliki jika ingin mengambil silakan langsung mampir saja nggih.

Maaf baru sempat posting setelah beberapa hari, kami sudah tunggu pemilik jika mungkin kembali untuk mencari tapi ternyata sampai saat ini tidak ada yg bertanya atau mencari sweater ini secara langsung.","2025-07-10T13:47:51.503991Z"
478,187,"1","2025-07-10T13:48:00.713992Z",540,1.0,"[{""start"":18,""end"":39,""text"":""Tol Prambanan-Klaten "",""labels"":[""LOC""]}]",8.458,"Breaking News..‚ÄºÔ∏è Tol Prambanan-Klaten Resmi Di Buka Pagi Tadi Pukul 06:00 WIB..

Kira-Kira Mobil Siapa Itu Ya..
Yang Berada Di Belakang Mobil Patrolinya..ü§î

Beruntung Banget, Jadi Customer Pertama..üòÖüôå

(Hajar Prasetyo) https://t.co/Qf2Dh44qQc","2025-07-10T13:48:00.714038Z"
484,188,"1","2025-07-10T13:48:17.785168Z",541,1.0,"[{""start"":85,""end"":93,""text"":""UGD RSIY"",""labels"":[""LOC""]}]",16.318,"[Breaking News] Kejadian kecelakaan sekitar pukul 22.22 wib lokasi di jembatan barat UGD RSIY. Pengendara motor dari arah barat melaju ke arah solo berbarengan dengan truk tangki dan truk muatan, korban melaju terjepit diantara kedua truk tersebut. Lalu di evakuasi dgn ambulan RSIY trus dibawa ke RS Bhayangkara dikarenakan korban MD di TKP. 

Nama : Wayan Indra S
Alamat : Wirata Agung Lampung Tengah

Keterangan : sudah terhubung dgn pakdenya di madiun utk menghubungi pihak keluarga di Lampung.

(Berthapurnama)","2025-07-10T13:48:17.785218Z"
500,189,"1","2025-07-10T13:48:33.302849Z",542,1.0,"[{""start"":36,""end"":55,""text"":""sungai gajah uwong "",""labels"":[""LOC""]},{""start"":55,""end"":67,""text"":""pringgondani"",""labels"":[""LOC""]}]",14.797,"[Breaking News] 14:10 Kecelakaan di sungai gajah uwong pringgondani, Seorang pemancing tiba2 jatuh ke sungai warga mencoba mengevakuasi ternyata kaki patah

Lokasi di bantaran sungai gajah uwong kampung pringgondani

(Itsme_juliee) https://t.co/msk8z7fYJL","2025-07-10T13:48:33.302896Z"
502,190,"1","2025-07-10T13:48:55.785644Z",543,1.0,"[{""start"":123,""end"":133,""text"":""jalan solo"",""labels"":[""LOC""]},{""start"":135,""end"":142,""text"":""kalasan"",""labels"":[""LOC""]}]",21.626,"Selamat siang min mohon dishare barangkali ada yg mengenal mobil ini. Mobil ini ugal-ugalan dan hampir menyerempet saya di jalan solo (kalasan) siang ini. Semoga ada yg mengenal dan memberikan info pemilik mobil ini.
Terimakasih min, dan identitas saya tidak perlu disematkan üôè

Plat Depan belakang tidak ada, tadi saya berusaha hentikan, tidak ada etikat baik berhenti, malah bilang bacot, sepertinya anak SMA yg bawa.

(febri_sulianto)","2025-07-10T13:48:55.785725Z"
504,191,"1","2025-07-10T13:49:12.256721Z",544,1.0,"[{""start"":32,""end"":46,""text"":""Pantai Sanglen"",""labels"":[""LOC""]},{""start"":48,""end"":59,""text"":""Gunungkidul"",""labels"":[""LOC""]}]",15.65,"Keraton Jogja mulai menertibkan Pantai Sanglen, Gunungkidul, karena lahan di kawasan itu merupakan tanah Sultan Ground (SG) yang wajib dimanfaatkan sesuai aturan.

Langkah ini diambil setelah muncul polemik rencana pembangunan wisata eksklusif oleh PT Biru Bianti Indonesia dan penolakan dari Paguyuban Sanglen Berdaulat. Meski sudah ditolak permohonannya, paguyuban justru memperluas pembangunan ilegal jadi puluhan bangunan.

Terkait hal ini, apa kata Sri Sultan HB X?

(detikjogja_)","2025-07-10T13:49:12.256767Z"
508,192,"1","2025-07-10T13:49:34.721431Z",545,1.0,"[{""start"":109,""end"":128,""text"":""Jalan Turi Pulowatu"",""labels"":[""LOC""]},{""start"":142,""end"":148,""text"":""Sleman"",""labels"":[""LOC""]}]",21.683,"[Breaking News] menginformasikan kejadian kecelakaan pagi ini, sekitar jam 7:30 WIB. Motor nabrak warga. TKP Jalan Turi Pulowatu, dekat MTs 7 Sleman. Korban warga setempat mau ke sawah.
Korban diduga patah tulang kaki kanan kiri dan penabrak jug luka ringan, semua dibawa ke RS Panti Nugroho. 

Pesannya: Hati2 di perjalanan, Lur, jangan lupa berdo‚Äôa sebelum beraktifitas, semoga kita semua selalu dalam lindungan Tuhan

(Masnur_pwb)","2025-07-10T13:49:34.721479Z"
510,193,"1","2025-07-10T13:50:00.150073Z",546,1.0,"[{""start"":76,""end"":102,""text"":""ring road Utara Yogyakarta"",""labels"":[""LOC""]}]",24.653,"[Breaking News] 03:05 terjadi kecelakaan tunggal pengendara sepeda motor di ring road Utara Yogyakarta  dekat under pass, untuk korban sudah ditolong warga masyarakat yang melintas di lokasi tersebut .

Tetap hati hati di jalan lur 

(Yunitaft_) https://t.co/2w8CI0eiUg","2025-07-10T13:50:00.150123Z"
516,194,"1","2025-07-10T13:50:17.317090Z",547,1.0,"",16.43,"malam min, tolong bantu viralin kejadian yang aku alami tadi sore. jadi tadi sore aku berhenti di lampu merah patran dari arah barat, pas lagi berhenti ada dua bapak¬≤ berhenti di sebelah kami. kan aku berdua sm temenku ngobrol trus bapak di sblah itu nyambung¬≤ obrolan kami, terus tiba¬≤ bapak yg bonceng di belakang pegang paha ku. aku ga brani teriak soale takut sm bapak¬≤ e. tolong ya min biar ga kejadian di orang lain. ini ada videonya motor bpk tadi","2025-07-10T13:50:17.317163Z"
522,195,"1","2025-07-10T13:50:28.424201Z",548,1.0,"[{""start"":15,""end"":32,""text"":""impang 3 Kemadang"",""labels"":[""LOC""]},{""start"":34,""end"":45,""text"":""Tanjungsari"",""labels"":[""LOC""]},{""start"":47,""end"":58,""text"":""Gunungkidul"",""labels"":[""LOC""]}]",10.4,"Kecelakaan di simpang 3 Kemadang, Tanjungsari, Gunungkidul terekam oleh cctv dilokasi. Pengendara motor dari arah selatan Baron melaju ke arah utara, disaat bersamaan melaju mobil hendak mau berbelok ke kanan. Sempat terpental namun pengendara aman tidak mengalami luka serius.

Sing ngati-ngati jann...

(sekilas_gunungkidul)","2025-07-10T13:50:28.424274Z"
523,196,"1","2025-07-10T13:50:50.279166Z",549,1.0,"[{""start"":69,""end"":85,""text"":""jalan bibis raya"",""labels"":[""LOC""]},{""start"":86,""end"":96,""text"":""tamantirto"",""labels"":[""LOC""]},{""start"":97,""end"":104,""text"":""kasihan"",""labels"":[""LOC""]},{""start"":105,""end"":111,""text"":""bantul"",""labels"":[""LOC""]}]",21.048,"Info min tadi ada kecelakaan mobil vs motor, sekitar pukul 20.30, di jalan bibis raya,tamantirto kasihan bantul.
Untuk kronologinya kurang tau. Tadi lihat sudah banyak orang di tempat kejadian. Pengendara motor hanya luka ringan dibagian lutut.

(yietnodaeng_11) https://t.co/WhsumEO10D","2025-07-10T13:50:50.279211Z"
529,197,"1","2025-07-10T13:51:01.839385Z",550,1.0,"[{""start"":81,""end"":96,""text"":""jalan wonosari "",""labels"":[""LOC""]}]",10.587,"[Breaking News] min tolong bantu up terjadi kecelakan sesama pengendara motor di jalan wonosari pukul 3 sore lebih.

Tetap hati hati lur , 

Source: Netizen https://t.co/C7dJcs7LPx","2025-07-10T13:51:01.839434Z"
531,198,"1","2025-07-10T13:51:32.674134Z",551,1.0,"[{""start"":337,""end"":351,""text"":""Jalan Wonosari"",""labels"":[""LOC""]}]",30.135,"üö® **TINGGINYA ANGKA KECELAKAAN DI GUNUNGKIDUL DISOROT DPRD**
Ketua DPRD Kabupaten Gunungkidul menyoroti tingginya angka kecelakaan lalu lintas yang terjadi sepanjang semester pertama tahun 2025, terutama di ruas Wonosari‚ÄìPonjong, Semanu‚ÄìRongkop, dan jalur wisata Pantai Selatan.

Kecelakaan terakhir terjadi pada Senin, 23 Juni 2025, di Jalan Wonosari‚ÄìJogja tepatnya kawasan Gading. Tabrakan beruntun melibatkan dua sepeda motor dan dua mobil, mengakibatkan dua pengendara motor meninggal dunia di lokasi kejadian.

Menanggapi kondisi tersebut, Ketua DPRD mengimbau masyarakat untuk lebih waspada saat berkendara, baik di jalur arteri maupun di lingkungan perkampungan. Ia menegaskan bahwa penggunaan ponsel saat mengemudi sangat membahayakan dan dilarang menurut Undang-Undang Lalu Lintas.

üì¢ ‚ÄúSaya sering melihat pengemudi lalai karena bermain handphone atau mengendarai kendaraan yang tidak laik jalan,‚Äù ujarnya. Ia juga mengingatkan pentingnya pemeriksaan kelaikan kendaraan, terutama sistem pengereman, sebelum bepergian.

Selain edukasi kepada masyarakat, Ketua DPRD juga mendorong:

* Koordinasi intensif antara Pemkab Gunungkidul dan Polres
* Percepatan perbaikan jalan rusak
* Pemasangan rambu serta marka di titik rawan
* Patroli dan razia di jam-jam rawan pelanggaran
* Sinergi dengan Dinas Perhubungan dan komunitas lokal untuk edukasi keselamatan

üìç Rencana penyusunan peta rawan kecelakaan berbasis data juga menjadi fokus sebagai langkah intervensi bersama yang tepat sasaran.

Sebagai penutup, Ketua DPRD mengajak masyarakat untuk selalu berdoa sebelum bepergian agar terhindar dari bahaya di jalan.

(fokusgunungkidul)","2025-07-10T13:51:32.674181Z"
540,199,"1","2025-07-10T13:51:54.593805Z",552,1.0,"",21.032,"halo min..
mungkin bisa diloloskan 

ingin menyampaikan ""Budaya"" yang kurang sopan yg sering dilakukan oknum pengendara khususnya motor (kadang ada juga oknum pengendara mobil)

yaitu kebiasaan buruk Meludah (Jowo ne ngidu...ü§Æ) atau Buang Riak dijalan (sambil berkendara).

kira nya mikir, dibelakang ada orang juga..
nek keno idu kan nggilani min...

mungkin ada netizen yg juga pernah ngalamin.

sayang tidak ada video nya, krn juga sedang berkendara

misal akunq mau di hide boleh, dicantumin juga boleh.","2025-07-10T13:51:54.593868Z"
549,200,"1","2025-07-10T13:52:05.577844Z",553,1.0,"[{""start"":283,""end"":288,""text"":""sewon"",""labels"":[""LOC""]},{""start"":295,""end"":305,""text"":""kampus isi"",""labels"":[""LOC""]}]",10.222,"[Breaking News] 21:14 baru saja terjadi kecelakaan kronologi mau nyebrang dari arah selatan mau ke sebrang jalan dan tiba‚Äù dari belakang salah satu motor ngebut ,terjadilah tabrakan kenceng motor yang nyebrang hancur bagian depan beruntun tidak ada korban hanya luka‚Äù ringan 
Lokasi sewon deket kampus isi sampingnya warmindo sr o2

(Khollzk_28)","2025-07-10T13:52:05.577892Z"
563,201,"1","2025-07-10T13:52:38.265596Z",554,1.0,"[{""start"":130,""end"":141,""text"":""Maguwoharjo"",""labels"":[""LOC""]}]",31.927,"Siang min mau cerita sambil mengingatkan

Kejadian hari ini, minggu 29 juni  sekitar jam 9

Di toko anggrek dekat tugu elang std. Maguwoharjo. Saya bawa mobil dan mau pulang, lalu tukang parkir datang sambil bilang ""mundur2, terus2"". Lalu tbtb mobil belakang bagian kanan nabrak tiang toko dan mengakibatkan mobil lecet dan penyok (Alhamdulillahtiang toko tidak sampai penyok/patah). Kemudian saya keluar mobil dan mendatangi tukang parkir, malah tukang parkirnya gamau disalahin. Mau minta tanggung jawab juga males + udah tau jawabannya. 

Ditambah ketika saya datang ke toko nya tuh saya parkir sendiri tanpa dibantu tukang parkir, giliran mau pulang baru muncul tukang parkirnya + asal ngarahin dan nabrak deh :(

Reminder buat yg lain, jangan terlalu percaya tukang parkir, tetap berhati2 ketika datang maupun pulang dari suatu lokasi. Karena jika mobil rusak, kita sendiri yg menanggung akibatnya.

Username ig tolong disembunyikan ya min, takut diserang tukang parkir hehe....","2025-07-10T13:52:38.265642Z"
601,202,"1","2025-07-10T13:52:49.140837Z",555,1.0,"[{""start"":69,""end"":99,""text"":"" jalan suryopranoto Pakualaman"",""labels"":[""LOC""]},{""start"":117,""end"":127,""text"":""pakualaman"",""labels"":[""LOC""]}]",10.068,"[Breaking News] Pukul 11.50, Kecelakaan adu banteng motor vs motor di jalan suryopranoto Pakualaman. Depan kemantren pakualaman. Tidak ada korban jiwa. Kronologis diduga salah satu motor melawan arah.

(Prionazvi) https://t.co/s44KBGgJUL","2025-07-10T13:52:49.140888Z"
603,203,"1","2025-07-10T13:52:53.365923Z",556,1.0,"",3.473,"Gunung Apa Itu, Yang Nampak Di Belakang Merapi..??
Ada Tiga, Kalau Gak Salah Ya..ü§î

(hajar_prasetyo) https://t.co/7YBNXAszis","2025-07-10T13:52:53.365969Z"
607,204,"1","2025-07-10T13:53:08.339109Z",557,1.0,"[{""start"":113,""end"":127,""text"":""rs harjolukito"",""labels"":[""LOC""]},{""start"":385,""end"":396,""text"":""jl wonosari"",""labels"":[""LOC""]}]",14.296,"hallo min mau cerita tragedi pagi ini, huhu sy kan pulang kerja habis ngerias, terus sy kena lampumerah di depan rs harjolukito, sy di jalur lambat sebelah kiri, nah pas ijo tau2 ada truk dari blakang nyelip sebelah kiri memotong jalan mau ke jalur cepat, itu mepet banget sampe saya kaget, setelah itu sy klakson, tapi pihak supirnya malah gak trima, setelah itu ketemu di lampumerah jl wonosari, terus sama suami sy di minta berhenti, jawaban dia (yg penting tidak menabrak sambil melotot) seolah2 ga mau salah, dan menyepelekan nyawa orang.
minta tolong di loloskan postingannya ya min, biar nggak ada kejadian kaya gini lagi

(Acelmakeup)","2025-07-10T13:53:08.339157Z"
