created_at,text
Thu Jul 03 17:36:41 +0000 2025,"Halo min, mau berbagi cerita supaya teman2 lain yg sedang berlibur di Yogya bisa berhati2. Hari ini kami sekeluarga singgah di SPBU Jl. Kaliurang untuk mampir sholat di musholahnya. Tiba2 ada orang asing berperawakan orang (t) masuk ke salah satu mobil rombongan kami dan langsung narik kunci mobil. Padahal di dalam mobil ada orang (pakde & anak perempuannya). Untung pakde saya refleknya cepet, berhasil megang tangan dan rebut kembali kuncinya. Setelah itu pelaku kabur dan berusaha dikejar oleh pakde saya. Pakde saya emosi karena kaget, apalagi di dalam mobil ada anak perempuannya. Pelaku penarikan kunci tsb dateng sama temen2nya (kalo gak salah total 3 orang, mereka bawa 2 mobil), ngaku dari Mandiri Tunas dan bilang mobil pakde saya bermasalah sambil bawa berkas2. Minta gesek nomor mesin dsb. Padahal mobil pakde dibeli cash.

Mobil pelaku plat AD (kami ada bukti foto, namun takutnya nopol palsu jadi tidak kami share). Para pelaku bilang â€œkalau bapak polisi akan kami lepasâ€. Kebetulan pakde saya emang polisi tapi gak mau ngaku, karena mau ngikutin alur permainannya. Pelaku tetep kekeuh kalau harus narik mobil pakde saya. Sempet berdebat panjang, pakde saya sengaja ulur2 waktu untuk manggil anggota polisi lain ke tempat. Tapi salah satu anggota keluarga kami keceplosan kalau pakde saya itu polisi. Akhirnya para pelaku tiba2 minta salim dan pergi gitu aja :). Untuk foto mobil pelaku sudah kami serahkan ke polisi temen pakde saya. Pokoknya harus hati2 kalau berhenti ditempat umum usahakan mobil dalam kondisi terkunci terus.

kejadian 3 Juli, sekitar jam 15.30 lur"
Sat Jul 05 11:37:12 +0000 2025,"~Halowww Warga Jogja Dan Sekitarnya, Ada Kabar Baru Nih Baru Saja Ada Maskapai Baru Lhoh Yang Baru Membuka Rute Dari Halim Perdana Kusuma Jakarta Menuju Bandara Adisutjipto Yogyakarta Yaitu Maskapai Fly JayağŸ¤©ğŸ¤©

Untuk Jadwal Pesawat Ini Terbang Dari Bandara Halim Perdana Kusuma Pada Pukul 08:20&14:30 Dan Terbang Dari Bandara Adisutjipto Pada Pukul 06:20&12:30 Untuk Spesifik Pesawat Ini Bermesin Twin-Turboprop Alias ATR Dan Pesawat Ini Memiliki Kelas Ekonomi

âœˆï¸FHS 105 Fly Jaya
ATR 72-500(PK-FJA)

Yuk Rasakan Sensasi Terbang Bersama Maskapai Baru Dari Nusantara IniğŸ«°

(deva_raharjo)"
Sat Jun 21 13:10:24 +0000 2025,"[foto] ""Merapi &amp; Seorang ibu yang sedang mencari rumput buat pakan ternak""

(_ulil.albab_) https://t.co/Col8YuK0cL"
Wed Jul 02 11:11:07 +0000 2025,"kemacetan pukul 17.51 area lempuyangan, raaa mlaku blassss

(Raflkvnsyh_) https://t.co/7Mt6I3rjpD"
Wed Jun 25 14:43:46 +0000 2025,"mau sedikit cerita helm temenku diambil 2 orang yg ada di video, kejadian tadi siang sekitar jam 13.20 di daerah nologaten selatan circle k, tujuan share ini biar semua lebih hati2 klo taruh helm di atas motor

gak nuntut ganti atau apapun temenku udah ikhlas mungkin yg ngambil butuh uang, cuman mungkin dengan ini bisa buat efek jera ke pelakunya biar bisa cari rezeki yg halal | @strwbaery"
Wed Jul 02 00:56:05 +0000 2025,"Samarkan identitasku min , sampah menumpuk di parkiran lantai 4 pasar Prambanan , tidak ada solusi , setelah sebelumnya menumpuk di lantai tiga sekarang cuma di pindah ke lantai 4 di parkiran ğŸ™ğŸ™ https://t.co/xY5VO5Fjhe"
Mon Jun 30 16:51:31 +0000 2025,"Senin 30 Juni 2025 Koordinator korban lomba tari gagalÂ fandy_s_wibowoÂ didampingi kuasa hukumÂ zainalpetir_Â dari LBH Petir dan BudayawanÂ wawanqu.adalimaÂ mendatangi Kantor Direktorat Reserse Kriminal Umum Polda Jawa Tengah untuk menanyakan perkembangan kasus pelaporan dugaan penipuan lomba tari yang mencatut nama Gubernur Jawa Tengah.

Berdasar keterangan dari penyidik sudah dilayangkan surat pemanggilan kepada ketua penyelenggara tetapi saat ini baru menunaikan ibadah haji namun kabar terbaru dari Rektor salah satu institusi tempat Ybs bekerja menyatakan sudah pulang jadi bisa segera untuk di mintai keterangan oleh penyidik.

Berdasar keterangan penyidik Ketua Penyelenggara segera akan dimintai keterangan nanti arahnya kemana siapa saja yang berkopenten dan terlibat dalam rangkaian lomba gelaran kegiatan semarak hari ibu suport UMKM pada 20-22 Desember 2024 di Taman Indonesia Kaya Kota Semarang kita tunggu gelar perkara jika memenuhi semua unsur.

Yang jelas penyelidikan tidak berhenti masih berlanjut semoga segera bisa segera ada titik terang setelah 6 bulan berjalan. Para korban serta orang tua, para pelaku seni budaya, pecinta seni tari dan masyarakat yang dari awal mengikuti kasus ini diharap sabar dan tenang.

Mari kawal terus perjuangan belum tuntas, panjang umur upaya baik âœŠâœŠâœŠ

(kumpulgayengsenibudaya)"
Mon Jun 30 20:06:17 +0000 2025,"Min tolong bantu up nama saya jangan dilihatkan ya 

Telang terjadi pencurian tas didalam mobil box , kemarin Senin sekitar jam 11 siang
 di Navagreen tlogorejo jl godean 

Siapa tau disini ada yg mengenali ciri2 seperti di Cctv tsb . https://t.co/Lh4LitjdJ3"
Thu Jun 26 07:39:26 +0000 2025,"Prosesi sedekah laut 1 suro di pantai drini, kabupaten gunungkidul, kamis 26 Juni 2025

Sedekah laut di Pantai Drini adalah tradisi tahunan yang dilakukan oleh masyarakat pesisir, khususnya para nelayan, sebagai wujud syukur atas hasil laut

(kotawonosari) https://t.co/NYCpwdSQg8"
Tue Jun 24 23:33:23 +0000 2025,"Update perkembangan kasus pencurian kandang burung kemarin yang awalnya akan diselesaikan secara kekeluargaan menjadi penahanan.

Hal ini berdasarkan hasil pengembangan oleh Polsek Sewon yang mendapatkan bukti baru dan menahan CB (27) warga pajangan sebagai pelaku pencurian uang kotak amal yang ada di warung soto.

CB mengakui telah membobol warung soto dan mencuri pisau stenlistil dan uang tunai di 3 buah kotak amal dengan jumlah Rp. 150.000,-

Kejadian ini diketahui pemilik warung saat mengecek warungnya yang dikabarkan bila pintu warungnya rusak. Selasa (24/6)

Sebelumnya CB sempat diamankan warga Pendowoharjo Sewon dikarenakan ketahuan mencuri kandang burung murai dengan cara memanjat ke lantai 2 rumah korban. | @inengahjeffry92"
Wed Jun 18 14:36:59 +0000 2025,"Selamat malam min, tolong nama saya disamarkan, min saya hanya bisa berkeluh kesah disini karena bingung harus gimana sama keadaan sekarang, saya udah diambang batas mau hidup atau pilih mati, kalau hidup kok ya berat, kalau mati kasian anak2 saya, dan saya yakin masih pengen punya masa depan, singkat cerita saya adalah anak angkat dari seorang pasutri yg lumayan mampu di Bekasi min, pasutri ini alias ortu angkat saya tdk bisa memiliki anak, saya diambil usia 6bulan, ortu asli saya keluarga tidak mampu makanya saya diberikan ke ortu angkat saya dengan tebusan uang di tahun 97 . Dari kecil saya tdk pernah mendapat perlakuan kecil dipukuli bahkan kalau tidak mau cuci piring dll tas sekolah, sepatu saya dibuang, saya dimaki maki didepan umum sama ibu saya, tetangga saya di Bekasi sering kasih support saya dulu waktu kecil sering bilang sabar, kadang dibelikan baju, jajanan dll . Karena gak tega liat saya dipukuli trs sama ibu angkat saya, semua kemauannya selama ini selalu saya turuti

Saya ngga tau mau ikut siapa, saya sering diancam, sampe akhirnya di tahun 2015, saya dipaksa masuk sekolah kebidanan di Klaten dan tahun 2018 setelah saya lulus, saya dijodohkan sama ibu saya ke orang desa tempat tinggal nenek di Gunungkidul, saya pecah tangis mimpi saya seketika hilang karena disuruh menikah, akhirnya saya mengikuti kemauan ibu saya min, dan setelah saya menikah sejauh ini, di tahun 2022 ortu saya bangkrut dan meninggalkan hutang, dan di 2023 dia tinggal bareng saya, kebetulan suami saya masih kerja honorer di Gunungkidul, gaji 400rb sebulan .

Semenjak nikah saya udh gapernah pengen merepotkan ibu saya, suami kerja honorer saya buka usaha pangkalan gas LPG dan kantin di SD tempat suami kerja, tapi setelah ibu saya bapak saya nenek saya pindah ikut ke saya, semua biayanya ditampung, bahkan saya dimaki gak tau diri dll, karena dia dulu udh sekolahin saya dll, sekarang gantian hidupnya minta ditanggung saya, kalo gas sayur habis saya langsung dimaki2 . Mau ga mau drpd saya malu sama tetangga akhirnya saya beli, saya bingung gaji suami gak mencukupi buat hidup, saya udh cari usaha lain paling pol di desa dapet 2jt perbulan, itu pun saya nanggung hidup ortu angkat dan nenek saya, suami saya gak bisa apa2 karena ngalah sama ibu saya, kalau dia bertindak ibu saya palying victim seakan kita yg jahat gak mau ngurusin dia dll, saya mau ngelamar kerja sampe gabisa bertahan lama, karena setiap mau gajian udh dimintain ini itu kudu tersedia, gimana ya min caranya supaya ortu gak nuntut ini itu, padahal saya juga butuh uang buat kehidupan.

Saya sehari2 . 
Mau kabur dari rumah tapi saya isin, pasti ortu saya di desa berkoar koar

Saya dituntut buat mencukupi hidup, sementara gaji suami juga blm cukup . 
Kalo gak dicukupi saya dimaki, dirumah barang dibanting2, akhirnya nanti saya berantem sama suami saya, saya udh penat banget sebenernya dirumah ğŸ¥²
Makasih kak sekian cerita dari saya, semoga bisa ada solusi atau pekerjaan yg layak untuk saya setelah ini . Terimakasih kak sebelumnyağŸ™"
Fri Jun 20 18:53:38 +0000 2025,"[Breaking News] 01:32 wib info awal terjadi kecelakaan mobil di Bangjo Denggung Sleman Yogyakarta, sudah ada petugas kepolisian di lokasi 
Untuk, Kronologi belum tahu , tadi pas lewat keadaan sudah seperti itu, tetap hati hati saja saat berkendara lur 

(arctcmnkyy) https://t.co/i9V6o1hHhz"
Fri Jun 20 10:23:37 +0000 2025,Demo truk sudah di ring road depan pakuwon lur https://t.co/qDGWpQx9ZS
Wed Jun 18 08:53:08 +0000 2025,"[Foto] Lava Fall Merapi Volcano

Unggah BarengÂ solorayalandscaper
Rabu, 18 Juni 2025

ğŸ“ Srumbung, Magelang

(deamro_) https://t.co/QcCyQPnMnK"
Tue Jul 08 08:19:25 +0000 2025,"Ijin share min, hampir saja dapat musibah garaâ€ orang ngawur (makluwer, tibaâ€ nyebrang tanpa sein tanpa lihat belakang). Klo smp tertabrak apa ya gak panjang urusannya itu td, blm lg klo parah pasti yg selalu diberatkan yg bawa mobil.

Lokasi:
Utara TB Vijaya, Ringroad manding, Bantul

Akunku disamarkan saja ya min, hanya pgn mengingatkan. Ttp fokus dan waspada dijalan."
Wed Jun 18 09:42:46 +0000 2025,"Warga Dusun Jimatan, Kulon Progo, pagi tadi mendatangi Balai Kalurahan Jatirejo menuntut Dukuh DA (50) mundur. Ia dituding berselingkuh dengan seorang wanita.

â€œYa kemarin memang ada masalah yang saru lah, jadi punya selingkuhan, dan itu jadi permasalahan di warga. Yang jelas warga sudah mosi tidak percaya kepada Pak Dukuh dan itu mengadu ke kalurahan, hasilnya tadi pak Dukuh mengakui terus bersedia mengundurkan diri,â€ ucap tokoh masyarakat Jimatan, Aris Cahyono saat ditemui di lokasi.

Wanita yang mengaku sebagai selingkuhan bahkan menyebut telah memiliki anak dari DA, yang diperkuat surat pernyataan.

â€œItu cuma pengakuan dari pihak wanitanya. Tapi untuk bukti-bukti kami belum ada, tapi mungkin ada pengakuan dari pihak wanita. Selain pengakuan juga ada surat pernyataan dari pak dukuh yang menyatakan si wanita itu punya anak dan itu adalah anaknya Pak Dukuh,â€ terang Aris.

Selain itu, warga juga menyoroti kinerja DA yang dianggap kurang baik.

Pie komentarmu, Dab?

(detikjogja_)"
Wed Jul 02 09:20:32 +0000 2025,"Pukul 15:05 tadi,
Ada percikan api dr kabel listrik karna hujan deras di ringroad sebelum underpass kentungan, dr arah monjali,
Itu video hanya sedikit dr percikan, sudah terjadi berulang sebelum video itu,
Semoga bisa lolos dan bisa ditindaklanjuti sm yg berkewajiban, pln
Terimakasih kak,

(vani.yori)"
Thu Jun 19 12:53:55 +0000 2025,"Suatu pagi di satu pasar dekat kaki Merapiâ€¦
.
.

Blusukan pasar bareng temen temen anti kenyang clubğŸ˜‚ Thanks guys!

(ariamphibia_life) https://t.co/VXvzIeEyB4"
Tue Jul 01 01:12:33 +0000 2025,"Melihat Merapi lebih dekat

(ramadhanady_) https://t.co/nw8dMZu3kH"
Sun Jul 06 15:04:12 +0000 2025,"Satreskrim Polresta Sleman telah mengamankan pelaku kasus dugaan tindak pidana secara bersama-sama melakukan kekerasan sebagaimana dimaksud dalam Pasal 170 KUH Pidana, yang terjadi pada Sabtu, 5 Juli 2025 sekitar pukul 05.00 WIB di simpang tiga Bantulan, Sidoarum, Godean, Sleman.

Kapolresta Sleman Kombes Pol. Edy Setyanto Erning Wibowo, S.I.K., M.H. mengatakan bahwa Polri telah melayani dengan baik aksi solidaritas dadakan para driver ojol yang menanyakan terkait penanganan diduga pelaku penganiayaan dan meminta untuk proses hukum,

â€œSatreskrim Polresta Sleman memproses profesional,â€ imbuhnya.

Namun ada beberapa oknum ojol yang justru malah melakukan penganiayaan terhadap warga kampung Bantulan dan bahkan melakukan pelemparan serta pengerusakan mobil dinas kepolisian pada saat aksi.

Peristiwa berawal saat personel Polres beserta Polsek Godean melakukan pengamanan untuk mengantisipasi keributan antara warga setempat dan driver ojek online. Saat personel penyekatan, beberapa oknum ojol melakukan tindakan anarkis dengan membakar ban, melempar batu ke arah petugas, serta merusak mobil dinas Polsek Godean jenis Isuzu Panther No. Pol 3002-32-XXIV. Akibatnya, kendaraan dinas mengalami kerusakan berat di seluruh bagian.
Bahkan ada warga masyarakat yang dipukul oleh oknum ojol.

Melalui penyelidikan cepat, Satreskrim Polresta Sleman berhasil mengamankan dua orang terduga pelaku, masing-masing berinisial:
â€¢ BAP (18), pelajar, warga Caturharjo, Sleman.
â€¢ MTA (18), pelajar, warga Banguntapan, Bantul.

Barang bukti yang turut diamankan antara lain:
â€¢ 3 (tiga) unit sepeda motor.
â€¢ Sejumlah batu.
â€¢ 2 (dua) buah helm.
â€¢ Jaket dan celana.

Saat ini, Satreskrim Polresta Sleman masih melakukan penyelidikan lanjutan guna mengidentifikasi dan mengamankan pelaku lainnya yang diduga terlibat dalam aksi pengerusakan tersebut.

Kapolresta Sleman menegaskan kembali, Polresta Sleman tidak mentolerir dan akan menindak tegas terhadap pelaku tindak kriminal yang mengganggu ketertiban umum.

Kami himbau kepada pelaku lainnya untuk menyerahkan diri. Kami akan kejar dan cari untuk mempertanggungjawabkan perbuatannya

(polrestasleman)"
Mon Jun 16 01:48:30 +0000 2025,"Assalamu'alaikum min, ijin sharing kejadian penipuan yang terjadi sama saya bbrpa hari lalu.. 

Saya kerja di salah satu instansi, bbrpa hari lalu sewaktu jam istirahat ada sales penjual lampu yang masuk-masuk ke ruangan dan menawarkan lampu (merek 
Lunaled Magic). Waktu kejadian saya sedang diruangan mengerjakan laporan, si penipu ijin menawarkan lampunya (tadinya saya tdk berminat krn saya tdk membutuhkan lampu saat ini) tapi liat tampang penjualnya jd merasa iba dan kasihan. Jadi saya persilahkan dia menawarkan dagangannya. Dia pinter ngomong dan menawarkan dagangannya, dia mengeklaim lampu ini tidak hanya lampu emergency tapi saat mati lampu nantinya 5 lampu yang ada disekitar lampu ini bisa menyala selama 5 jam. Saya mulai tertarik dengan klaim lampu ini. Akhirnya saya bermaksud membeli 1, tapi si bpk dg muka memelas dan mohon dibantu utk membeli sisa dagangannya krn hari ini terakhir tanggal targetnya.
.
Karena kasihan saya mencoba menawarkan ke beberapa rekan saya (diluar instansi tmpt saya bekerja), dan teman saya mau membeli 4 lampunya. Dia bilang biasanya dia menjual dg harga 85rb, tp krn dia hanya menghabiskan target jadi dijual dg harga 60rb saja. (Disini saya sdh mencoba search di shopee dan jelas harga di shopee jauh lebih murah) tp krn kasihan dan disini dia menjanjikan bisa garansi jika ada kerusakan utk 3 tahun di gerai yg sudah dia tunjukkan. 
Singkat kata saya akhirnya membeli 5 buah lampu (krn saya terburu2 krn pekerjaan saya tdk minta dicoba semua lampunya dulu) , tp krn saya tdk ada uang cash saya minta utk di transfer. Nah diawal dia mengaku namanya bintang, tapi nama rekening yg dia berikan atas nama MUHAMMAD RIZKI HARIY (dia bilang ini norek atasannya). Saya jg minta no telpnya utk jaga2 jika ada komplain. Ketika sampai rumah saya coba ternyata 2 lampunya mati min. Saya WA ke nomor yg dia beri centang 1 sampai hari ini.

Setelah sharing2 dg teman saya, ternyata bbrpa teman saya jg mengalami hal yg sama dg modus dan pelaku yg sama min. Utk teman2 jika ada yang bertemu dg pelaku mohon segera diamankan saja dan jangan terperdaya ucapannya. (Ciri-ciri pelaku: tinggi, kulit coklat, pakai kacamata, gigi ompong depan, perokok, pakai tas punggung)

Terimakasih min, 
Mohon disembunyikan nama saya ya min"
Fri Jul 04 13:16:50 +0000 2025,"Saatnya mengeluarkan kata kata

Tulung nek koncomu mbuh Lanang opo wedok ketok lesu tur ora semangat dijak ngobrol ora di nengke wae

Meskipun Kowe ora isoh ngenehi solusi sak ora orane isoh dadi tempat berkeluh kesah koncomu kuwi.
Ben ora kedadeyan hal hal sek ora di pengeni"
Tue Jun 24 10:56:09 +0000 2025,"Selamat Sore min, tolong bantu di up
Trans Jogja sampai saat ini belum punya rute yang langsung ke Alun-Alun Sleman. Padahal ini bisa jadi opsi transportasi umum yang sangat membantu masyarakat, apalagi yang nggak punya kendaraan pribadi. Alun-Alun Sleman itu salah satu pusat keramaian dan aktivitas warga, tapi akses ke sana masih terbatas kalau nggak bawa motor atau mobil.
Harapannya, ke depan bisa dipertimbangkan adanya rute TJ yang langsung atau setidaknya melewati Alun-Alun Sleman. Supaya warga punya alternatif mobilitas yang murah, aman, dan ramah lingkungan.
Disclaimer: Masukan ini murni dari pengalaman pribadi sebagai warga yang peduli dengan transportasi umum. Nggak ada niat untuk menyalahkan atau menjatuhkan pihak mana pun. Mohon juga nama saya tidak disebutkan ya, demi kenyamanan bersama dan menghindari salah paham dari pihak lain.
Terima kasih."
Thu Jun 19 10:24:35 +0000 2025,"PT KAI memberikan ultimatum kepada warga Tegal Lempuyangan untuk segera angkat kaki dari lahannya. Tapi warga belum ingin pergi sekarang, mereka berharap bisa tetap tinggal sampai Agustus agar bisa merayakan Hari Kemerdekaan RI di tempat yang sudah mereka huni bertahun-tahun.

Menanggapi hal tersebut, Gubernur Daerah Istimewa Yogyakarta (DIY), Sri Sultan Hamengku Buwono (HB) X pun angkat bicara.

(detikjogja_)"
Sat Jun 21 16:45:03 +0000 2025,"Min izin menginfokan ada mobil masuk selokan mataram deket RS.Hermina untuk kronologi lengkap belum tau tapi kayake supirnya ngantuk min, sudah ada polisi dan ambulan di tempat, terimakasih.

(_abrijendra) https://t.co/g7qFxJzYP2"
Sun Jun 29 00:01:38 +0000 2025,"Samperin CFD Jombang &amp; ALWAys fun di Alun-alun Wates, Kulonprogo readyâœ…ï¸

Buka Lapak Baca Buku dan Mainan GRATIS!

Monggo mampir jangan ragu apalagi takut | @MraenMimpi https://t.co/zeqH0QdAjO"
Mon Jun 16 00:57:50 +0000 2025,"Jangan lupa datang ke embung manajar boyolali ya teman teman
.

(malieqmaul) https://t.co/r6D6mrhLB3"
Tue Jun 24 16:51:19 +0000 2025,"Ada jumbo lg nyambut kalian di stasiun tugu Jogja ğŸ¤©

(ryanarino_) https://t.co/a0zPWaGiyn"
Tue Jun 17 08:24:58 +0000 2025,"RT @i_pramadhanii: Mohon bantuanya min, motor adik saya tlah dipmjam sm org ini,nmn blum ada etikad baik untuk dikembalikan, dan trnyata inâ€¦"
Sat Jul 05 11:48:09 +0000 2025,"Hallo admin mohon bantu up

Kejadian di rumah ibu saya jam 03.42 tgl 5 Juli 2025
Terjadi pencurian daleman pada pagi tadi di Tirtosari Kretek bantul ,Yogyakarta. Hal yang aneh dan menakutkan orang yang mencuri daleman memfoto saya dan ibu saya dalam keadaan tidur dari balik jendela, kemudian bergegas pergi. Jujur kejadian ini amat sangat meresahkan. Mohon untuk bantu shareğŸ™ğŸ»"
Tue Jul 01 08:36:52 +0000 2025,"Jam 14:15 ada truck macet ditengah jalan jendral sudirman min, depan pizza hut / cimb niaga. Harap pelan-pelan bila lewat jalan ini saat ini.

(hegafaathir) https://t.co/n5sO6mauyR"
Sun Jun 22 11:02:22 +0000 2025,"Alhamdulillah, cah Gunungkidul menang balapan ning Itali, lur! 

ğŸ‡®ğŸ‡©ğŸ† Veda Ega Pratama Ukir Sejarah di Red Bull Rookies Cup 2025. 

Dua kali raih podium 1 di Red Bull Rookies Cup 2025 seri Mugello, Italia, Race 1 (21 Juni) dan Race 2 (22 Juni). ğŸ | @HerinoorCh https://t.co/sEYo6UNNmH"
Fri Jun 27 13:51:05 +0000 2025,"Siapa sangka Waduk Gajah Mungkur Wonogiri bisa sekalem ini vibes-nya. Angin sepoi, view air tenang, dan langit biruâ€”berasa lagi healing di korea.

(hyoubie) https://t.co/zsrvsIvTcJ"
Mon Jun 16 13:35:10 +0000 2025,"Min mau cerita, saya dan teman saya kehabisan bensin di depan casagrande, daerah maguwo, baru nuntun sebentar, Alhamdullilah ada yang tiba-tiba berhenti bapak separuh baya menanyakan ""kenapa le"" saya jawab kehabisan bensin
Terus bapak nya langsung minta saya boncengan dengan beliau dan dia menuntun motor  dan teman saya membawa motor saya, beliau dengan ikhlas menggunakan kaki beliau untuk mendorong motor saya

Sampai Pom bensin dia hanya senyum, saya berikan uang tidak mau dan saya minta untuk motornya diisikan bensin juga tidak mau, saya terenyuh dari Beliau yang tidak meminta imbalan apa2, saya berharap dan berdoa beliau sehat dan panjang umur aamiinâœ¨ğŸ¤²
Dari sini saya percaya masih banyak orang baik dan hanya oknum2 yang jahat

(Roy_ka9)"
Wed Jul 02 17:11:04 +0000 2025,"min mau cerita
ada kejadian hal tidak senonoh yg terjadi ke saya dan 1 temen cewe saya hari ini rabu 2 juli sekitar pukul 16.00, di sekitar daerah klajuran min, ada bapak bapak di dalem mobil yg mobilnya lagi dalam keadaan berhenti ngeliatin saya & temen saya terus. karna saya membelakangi cowo yg di mobil tsb, dan yg notice awalnya temen saya, setelah saya di kasi tau sm temen, ternyata bapak bapak yg di dalem mobil itu lg m4sturbasi sambil ngeliatin kita, padahal diliat sama orang orang sekitar karna memang kaca mobil nya gak gelap kalau dari luar,  dan kalau dari segi pakaian tidak mengundang karna saya & teman saya kebetulan pakai baju tertutup. Dan aneh nya setelah On*n* dia melanjutkan makan min. 

Tolong kalau di up, akun ini jangan di spill yaa min, terimakasih ğŸ™"
Mon Jun 23 08:00:29 +0000 2025,"14: 57 Hujan + Macet di Dekat Monumen Jogja kembali Yogyakarta , hati hati yang akan melintas daerah tersebut

(Akmal haris) https://t.co/6gQMeZHIlP"
Wed Jun 25 15:11:53 +0000 2025,"Pukul 21;42 kondisi ring road arah blok O min masih macet total lur , harap bersabar yang melintas lokasi tersebut https://t.co/DZ9Dy8CyM8"
Fri Jul 04 11:16:08 +0000 2025,"Uneg-uneg Min.
Perihal Mafia TKD, kita sudah melihat Perangkat desa di Catursiji, Candymoon, Magu wow, hingga yang terbaru Di Karobahan, saling balapan masuk ""sekolah"". Padahal kesalahan e sepele, Nyewake, ora sesuai ""karepe juragan"".

Namun unik, ketika di Kalurahan sisi Timur Sleman, sejak awal 2023, APeHahaha heboh di media, infonya sudah memeriksa 30an saksi. Dari belasan titik laporan masyarakat, cuma 1 titik yang dikerjakan APeHahaha (konon isunya karena titik itu yang paling tinggi nilainya, berkisar Rp 3 milyaran kerugian negara). Raja Kecil sudah Nerima undangan warna pink kembang-kembang.

Dan sampai detik ini, Juli 2025 , meski sudah disita titik itu. Belum ada perangkat desa yang berangkat ""sekolah"" .
Padahal ngga cuma ""Nyewake sing ora sesuai karepe Juragan e"", tapi diduga ""adol lemah e Juragan e, Karo hobi nggasruk lemah e Juragan e""

Infonya juga masyarakat sudah bersurat ke Raja Besar, Raja setengah Besar, kok Yo do anteng2 ya ?. Ampuh bener ya min, si Krucil, Raja Kecil.
Kalau di One Piece, seperti Doflaminggo. ğŸ˜‚

Disamarkan ya min nama saya.
by : Sun God Nika"
Tue Jul 08 04:17:15 +0000 2025,"Min area hos Cokroaminoto ada pipa PDAM bocor, dah banyak korban kecelakaan di sini, soalnya jalan nya ambles, Deket palang pintu kereta api

(Danangriosutopo) https://t.co/JhphmhG802"
Wed Jun 25 15:50:38 +0000 2025,"22:34 Lapor min ada orang nebar bunga di jalan tiban minggir sleman

(Heriaji_13) https://t.co/GbGaB8L3Us"
Mon Jun 23 17:52:25 +0000 2025,"Hal yg sering terjadi ketika musim liburan ğŸ˜…

Macettt polll !!!

(ryanarino_) https://t.co/CufuLtcP2s"
Thu Jul 03 00:50:55 +0000 2025,"07:44 Bocor pipa pdam, sudah 2 mingguan di biarkan ni. Lokasi deket rel kereta jln  hos cokro https://t.co/7lOfP5LddA"
Mon Jun 30 04:21:31 +0000 2025,"[Breaking News] Pada tanggal 26 Juni 2025 pukul 16.00, Warga menolak keberadaan SPBU Gedongtengen untuk buka kembali. Pasca ledakan SPBU Gedongtengen berdampak pada bangunan warga sekitar RW 09. Warga merasa takut/ trauma apabila SPBU Gedongtengen dibuka kembali, maka banner penolakan warga pun dipasang di depan SPBU Gedongtengen.
Terima kasih (Nama dirahasiakan ya Min)"
Mon Jun 16 10:07:12 +0000 2025,"min leher saya kena senar layang layang di FlyOver Lempuyangan

Saya dari utara ke selatan pas sampai  FlyOver tiba tiba ada senar layang layang min yang langsung kena leher saya https://t.co/yNK5toEWcd"
Sat Jun 28 00:19:45 +0000 2025,"[Foto] JLFR vol.182ğŸ“¸

Agenda rutinan setiap Jumat di akhir bulannğŸš²

(mlampah_pameran) https://t.co/4Q7EMaYMJZ"
Thu Jun 26 14:57:03 +0000 2025,"Suasana Haul Al - Maghfurlah Simbah Gus Jogorekso Gunung Pring Muntilan malam ini

(Iventventha) https://t.co/JGt0T5Bt50"
Mon Jun 23 10:54:04 +0000 2025,"Ditemukan jenazah laki-laki tersangkut di pintu air selokan Progo persis di depan lapangan Banjarharjo, Kalibawang, Kulon Progo tadi pagi jam 8.00, sudah dievakuasi ke RS Boro untuk tindakan otopsi. Sementara belum diketahui identitas jenazah juga penyebab dari kematiannya. https://t.co/fEJfoAQn5Y"
Fri Jun 27 01:10:23 +0000 2025,"TOPO BISU

Jogja bukan hanya terkenal dari tempatnya yang istimewa, namun banyaknya tradisi yang di selenggarakan dari jaman dahulu.

Salah satunya di malam ini tanggal 26/06/2025 dilaksanakan tradisi TOPO BISU yang diikuti lebih dari 10.000 orang.

Betapa megah dan meriahnya tradisi ini.

Selalu lestarikan budaya dan tradisi kita

Salam dari Jawa Tengah

(nndabgs_)"
Sun Jun 15 13:41:27 +0000 2025,"Solidaritas kita sedang di uji !!!

Ojol Yogyakarta melawan begal / klitih 

Tikum: lapangan Raden Ronggo Kalasan 

 Selasa 17 Juni 2025, pukul 09;00 wib https://t.co/9CIeiWmmgB"
Thu Jun 19 21:42:36 +0000 2025,"Min mau ngasih info aja, tadi ada ribut2 sampai pukul2an di depan Downtown seturan, Jam 00 35, Sudah ditangani polisi

Kronologi, 2 motor kecelakaan kecil, salah satu motor tidak terima langsung main pukul, sampai kejar2an, beruntung polisi langsung datang

(Tiyang_saee) https://t.co/84YtVhiHGX"
Sun Jul 06 19:43:22 +0000 2025,"Min, selamat pagi. 
Maaf izin melaporkan, kesangkut benang gelasan di utara pasar Giwangan, awalnya kena kaca helm terus Alhamdulillah pas mulai kencangnya tali kena jaket orange di lengan kiri. 
Sepertinya sudah sering terjadi, jadi untuk orang tua tolong diawasi anak anaknya yang main layangan, dan untuk pengendara harap selalu waspada. ğŸ™ 

Terima kasih min.
(Tjanmalaka)"
Tue Jul 01 13:01:53 +0000 2025,"Tim KRYD Polda DIY kembali beraksi!

Ratusan miras dari berbagai merek dan ukuran berhasil diamankan.

Langkah tegas ini merupakan bagian dari komitmen kami untuk menjaga ketertiban dan keamanan masyarakat. | @PoldaJogja https://t.co/QQLgar9X5r"
Mon Jun 30 07:49:25 +0000 2025,"Selamat siang min 

Minta tolong bantuan nya mencari seorang kakek asal jakarta yang pergi dari villa di kecamatan sewon tanpa di ketahui arah dan tujuan yang jelas dan tidak membawa handphone.

Kondisi terakhir kakek saya pergi naik mobil sejenis agya/ayla/sigra warna merah dgn nopol AB1636DR nama supir Heri yansah mohon di bantu nomer telpon driver ini untuk mengetahui keberadaan terakhir kakek saya

(Jonathanandrew_09)"
Fri Jun 27 09:30:25 +0000 2025,"[Breaking News] 16:03 telah terjadi kecelakaan motor di jalan Pandanaran (Jalan Kaliurang  atas), kecelakaan nya motor vs motor min, korbannya anak kecil sama bapakÂ² min, bapaknya sudah dilarikan ke rumah sakit min, 

(Shelaangraeni_r) https://t.co/hhIMyHSFUQ"
Tue Jul 01 07:18:10 +0000 2025,"There are incredible places on Earth and places you cannot believe that are part of our planet. Bromo clearly fits on the second group ğŸŒ‹ğŸ‡®ğŸ‡©

ğŸ“Œ Bromo Tengger Semeru National Park, Ranupani, East Java

(Wanderuben) https://t.co/h9PcphqcHO"
Sun Jun 29 11:10:02 +0000 2025,"pariwisata gunungkidulÂ  semakin siang semakin menyala luurrr..

Kondisi arus lalin jalur wisata siang ini sudah padat merayap luurr.. (29/6/2025)

Rombongan mu kejebak macet neng sisih ngendi kui luurr..??

(updatedisini) https://t.co/iGz7j4A02g"
Sat Jun 21 15:24:22 +0000 2025,"Kejadian di roka ramen ada pengemis pas diingetin suruh pergi malah mukul pegawai rokanya. Soalnya suaranya kenceng bgt agak ngeganggu.
Hati hati guys kalo ketemu ini orang. | @loonaaprojector https://t.co/TIOOJCnzWY"
Tue Jul 08 07:29:14 +0000 2025,"LARUNGAN TRAH PANTAI SOMANDENG.ğŸƒ

Masyarakat Kalurahan Tepus kembali menggelar Tradisi Larungan di Pantai Somandeng, sebagai bagian dari peringatan bulan Suro dalam penanggalan Jawa. Tradisi ini merupakan bentuk penghormatan kepada leluhur, khususnya Ki Gondo, tokoh awal yang dipercaya sebagai cikal bakal trah Mbah Gondo dan Mbah Ponco.

Prosesi diawali dengan kirab yang dimulai dari Pantai Sorwiten, berjalan menuju Wedi Bedah dengan membawa sesaji dan obor. Masyarakat berpakaian adat mengikuti kirab dengan khidmat, menyatu dalam suasana spiritual dan penuh makna.

Sesampainya di Pantai Somandeng, dilangsungkan upacara larunganâ€”yakni melarung sesaji ke laut serta menabur bunga di tempat yang dipercaya sebagai lokasi menghilangnya Ki Gondo. Larungan ini menjadi simbol penyucian diri, doa keselamatan, serta penghormatan kepada para leluhur.

Rangkaian acara dilanjutkan dengan tayuban sakral diiringi gending Asmorodono, di mana gerakan tari bukan sekadar hiburan, tetapi menjadi bentuk persembahan spiritual. Usai tayub, masyarakat kembali ke Pantai Sorwiten untuk mengikuti pembacaan silsilah trah secara turun-temurun hingga generasi saat ini.

Sebagai penutup, digelar kenduri bersama sebagai simbol rasa syukur dan kebersamaan, dilanjutkan kembali dengan pementasan tayub di malam hari.

Tradisi ini menjadi warisan budaya yang tak hanya mempererat hubungan antarwarga, tetapi juga menjaga jalinan batin dengan leluhur dan tanah kelahiran. Pemerintah Kalurahan Tepus turut mendukung pelestarian kegiatan ini sebagai bagian dari kekayaan budaya lokal yang patut dijaga dan dilestarikan.
Hak Cipta kalurahantepus 

#tradisi #adatjawa #gunungkidul #budayajawa #mateencinema #leluhur #wisatagunungkidul

(Adityahenri_)"
Wed Jul 02 15:06:40 +0000 2025,"Selamat malam min
Saya punya usaha warung kelontong di jogja, disetiap mau moment Agustus an seperti ini selalu banyak proposal masuk dari warga sekitar, bahkan yg jauh lokasi nya pun ada, biasanya sampe puluhan proposal masuk, kenapa sih karang taruna memaksakan mengadakan acara dikampung kalau memang tidak ada dana? Kenapa pengurus karang taruna malah mengajari anak muda untuk meminta minta?
Apakah mereka tidak tau sekarang kondisi ekonomi lagi sulit, penjualan menurun?
Kenapa banyak karang taruna menormalisasi hal seperti ini?
Bukankah seperti ini bentuk premanisme berkedok minta sumbangan ya?
Kalau saya ngasih sedikit nanti dibilang pelit, apalagi gak ngasih, dikira gak mau berbagi, 
Padahal jujur Saya lebih ikhlas ngasih sumbangan ke panti asuhan dari pada ngasih sumbangan untuk kegiatan foya foya 17 Agustus an
Semoga pengurus karang taruna di Yogyakarta yang notabene orang berpendidikan tinggi membaca tulisan saya ini
Tolong di hide nama saya ya min, terimakasih"
Thu Jun 19 02:21:15 +0000 2025,"Detik detik kebakaran rumah di Padukuhan Ngelo, Candirejo, Semin, Gunungkidul. Petugas damkar tengah meluncur ke lokasi. Semoga lekas terkondisi

(sekilas_gunungkidul) https://t.co/nCmuamtwop"
Sat Jun 28 16:59:13 +0000 2025,Yahmene krungu sound glarr gler seru banget ğŸ¤”
Fri Jul 04 14:29:43 +0000 2025,"Habis gajian awal bulan
Jangan lupa jalan - jalan sore lurr..

(noventa_fpv) https://t.co/MvoE86Ukjb"
Thu Jun 26 14:31:25 +0000 2025,"Suasana macapat di bangsal pancaniti menjelang mubeng beteng

Mulai jalannya jam 12 nanti, udah pada siap ikutan ?

(eventdijogya) https://t.co/eLYFK5lXKK"
Wed Jul 02 11:42:03 +0000 2025,"Keraton Ngayogyakarta Hadiningrat menyebut Paguyuban Sanglen Berdaulat absen dalam audiensi soal penertiban kawasan Pantai Sanglen, Gunungkidul. Namun perwakilan paguyuban, Rahmat, mengungkap alasan ketidakhadiran mereka.

â€œAlasannya hanya melibatkan aparat-aparat yang tidak bersangkutan (dengan polemik Pantai Sanglen),â€ kata Rahmat kepada detikJogja, Rabu (2/7).

Ia juga menyoroti pembatasan kehadiran hanya 5 orang dan tanpa pendampingan kuasa hukum.

â€œDan cuma perwakilan lima orang, tidak boleh didampingi pendamping/kuasa hukum,â€ lanjutnya.

Rahmat menambahkan undangan audiensi juga dinilai terlalu mendadak.

â€œSurat dibuat tanggal 19 (Juni). Saya baru dikasih undangan tanggal 24 (Juni) jam 5 (sore),â€ tuturnya.

Komentarmu, Dab!

(detikjogja_)"
Thu Jun 26 00:36:53 +0000 2025,"Apakah kalian tahu?

Bandara pertama di Yogyakarta ternyata bukan Adisutjipto, melainkan Bandara Sendowoâ€”yang juga dikenal sebagai Bandara Sekip. Lokasinya berada di kawasan Kampung Sendowo atau Sekip, yang kini menjadi bagian dari kompleks Universitas Gadjah Mada (UGM).

Jauh sebelum UGM berdiri, Kampung Sendowo memiliki sebuah landasan pesawat. Bisa dikatakan, Sekip merupakan bandara pertama di Yogyakarta, meskipun penggunaannya lebih ditujukan untuk keperluan militer. Statusnya pun masih sebagai bandara dengan landasan rumput.

Seiring pembangunan yang terus berlangsung, kawasan Sekip kini menjadi daerah padat penduduk. Tidak ada lagi artefak fisik yang tersisa dari keberadaan bandara tersebut, tetapi jejak sejarah dan kisahnya masih tersimpan dalam berbagai arsip.

Berdasarkan informasi yang ada, sosok pertama yang menyadari potensi kawasan Sendowo sebagai lokasi bandara adalah seorang perwira ML-KNIL bernama M. Pattist. Pada saat itu, ia sedang terbang dari landasan udara Magelang bersama dua koleganya dengan formasi tiga pesawat. Dalam penerbangan tersebut, Pattist melihat sebuah lapangan tembak di Desa Sendowo yang menurutnya memiliki potensi untuk dijadikan landasan pesawat.

Tertarik dengan lokasi tersebut, ia kemudian datang ke Yogyakarta dengan mengendarai mobil untuk meninjau langsung area tersebut. Setelah yakin bahwa lapangan itu cocok, Pattist mengadakan audiensi dengan Residen Yogyakarta, Johan Ernest Jasper, beserta jajarannya. Persiapan penggunaan lapangan pun segera dilakukan.

Pendaratan pesawat pertama di Bandara Sendowo terjadi pada 4 Agustus 1927. Sejak saat itu, kawasan Sekip difungsikan sebagai lapangan latihan tembak sekaligus landasan pesawat.

Menurut beberapa sumber, nama â€œSekipâ€ sendiri kemungkinan berasal dari ""Schietschijf"", yang dalam bahasa Belanda berarti sasaran tembak atau target. Di lokasi Gedung RSGM UGM saat ini, dulunya terdapat sebuah gundukan tanah yang digunakan sebagai bagian dari latihan menembak.

(putut_hartanto)"
Thu Jun 26 10:47:38 +0000 2025,"[Breaking News] 17:38 terjadi laka di depan Adp sedayu, nge rem ndadak menghindari molen

(Kulonprogobinangun_) https://t.co/FpFloFLRkc"
Mon Jun 30 04:39:29 +0000 2025,"POV:
Sarapan ke Kopi Klotok
Jam 08.01 Antrian Panjang

ğŸ“Kopi Klotok Pakem Kaliurang

(jogjapusat) https://t.co/5SCeCAHQNx"
Thu Jul 03 12:48:01 +0000 2025,"Parkir mobil mandala expo malam ini 15rb

Nama nyuwun tulung disamarke njih

Maturnuwun min https://t.co/Tyv2zwmoxd"
Tue Jul 01 10:59:11 +0000 2025,"Mohon perhatiannya bagi mahasiswa baru yg ingin mencari kos2an dijogja. Harap hati2, karena sudah ada 2 orang yg tertipu melihat iklan kos ditiktok. Jadi disamping kos sy, ada kos kosong yg memang tdk dihuni. Kos tersebut diiklankan ditiktok dan mungkin di media sosial lainnya. 2 orang ini sudah krm DP ke rekening BRI atas nama Budi handika Mustopa. Tp setelah yg mau kos dtg ke kos yg dimaksud, tidak ada dan memang kos itu tdk disewakan."
Sun Jul 06 18:17:49 +0000 2025,"ğŸ™â€â™€ï¸: Aku gelem di rabi mas, tapi cepakno omah sikek, mergo wegah awor morotuo

ğŸ§•: Bismillah mas, ayo bareng bareng di rumat wong tua ne mugo mugo njenengan golek rejekine di paringi lancar isoh nyukupi aku lan wong tuane njenengan."
Fri Jul 04 14:39:50 +0000 2025,"Senar layangan nyilakani tenan min. Korbannya kebetulan adekku sendiri, kejadiannya tadi sore. Pulang pulang nangis karna ada luka di leher sama tangannya.

Lokasi: Gambiran Yogyakarta 

(Arumpramesty) https://t.co/Ey9NmeSFeO"
Sat Jun 28 12:19:57 +0000 2025,"Kamu Percaya ??

Pantangan Pernikahan Adat Jawa
1. Posisi Rumah Kedua Mempelai yang Berhadapan.
2. Pernikahan Anak Pertama dengan Anak Ketiga.
3. Hitungan Weton Jodoh dengan Pasangan Tidak Cocok.
4. Menyelenggarakan Pernikahan di Bulan Suro

(jalikarta) https://t.co/LS0pVH2PDF"
Sun Jun 29 11:27:12 +0000 2025,Jalan Arah malioboro dari belakang stasiun tugu MACET POULLğŸ˜­ğŸ™ğŸ» |@Bubbleshim https://t.co/KiOlKvGbAI
Thu Jun 19 22:46:13 +0000 2025,"Nek sekirane kowe iseh berharap karo masalalumu, mending kowe rasah ngenei harapan seolah olah serius karo aku"
Thu Jun 19 10:58:55 +0000 2025,"Ijin menyampaikan sore ini hari kamis tgl 19 juni 2025
Ada simbah putri kebingungan
Nyuwun dibantu

Ditanya nama mbah dami
Alamat hanya manggis rejo
Posisi terkini didepan poss polisi monjali.jogja
Mohon jika memgenall..dan dishare

(Satriaadi.adi.5) https://t.co/007ExX5JkQ"
Fri Jun 27 08:06:25 +0000 2025,"Maaf min lapor neng dalan ono benang gelasan nglalang neng dalan wong tuo ne kon ngandani anake nek dolanan layangan sik ati ati ojo nang dalan,,mau meh kenoo sirah e koncoku min karo bakul e bakso untung wae koncoku reflek dingkluk suwun minğŸ™

(Bima_dikaa) https://t.co/1QvGaQaQzI"
Sun Jun 29 00:38:16 +0000 2025,"Pantai yang butuh effort jalan kaki dulu :)

ğŸ“ŒPantai Midodaren

(adit_ns) https://t.co/z7WXyzW7Jg"
Sun Jun 22 00:30:52 +0000 2025,"Pantai Depok Bantul pagi ini 

(Hikmalfanny) https://t.co/9F4dPfE77d"
Thu Jun 19 00:19:28 +0000 2025,RT @iwandanu: Underpass kentungan kembali memakan korban @merapi_uncover
Mon Jun 16 03:16:01 +0000 2025,"[Breaking News] 10:12 Min barusan kecelakaan di Pertigaan Kepek Clereng Pengasih Kulonprogo, 2 motor ibu2 abis belanja dan bapak2 

Di lokasi sudah ditolong oleh anggota TNI

(Dwias_dwi) https://t.co/WoBjPWg4Zd"
Fri Jul 04 23:03:45 +0000 2025,kejadian konco konco  oren sebelum bubar sekitar jam 5 pagi di  jl godean sleman https://t.co/z7h87NdF6n
Sat Jul 05 02:24:55 +0000 2025,"min tolong up kasus ini , menurut info ad sekelompok anak muda melakukan penjarahan  disekitar pasar ngluwar   .
Korban e 3 pria sayur keliling + ibu sayur keliling 

 (kamis )sekitar jam 05:16

Ekanopimuzia https://t.co/3Z1kmnTbXd"
Sat Jun 21 20:54:37 +0000 2025,"Min mau ucapim makasih sama siswa SMK kesehatan atas nama wawa dan satu temennya juga yg udah ngantarin saya pulang ke rumah setelah kecelakaan tunggal balik dari RTA fatihah karimah di jl. Sukun raya. Semoga adeknya sehat selalu, karena dia dari SMK kesehatan semisal mau masuk kuliah kesehatan di kampus tempat saya ngajar banyak jurusan kesehatan. Silahkan tag ig saya min agar adeknya mudah menghubungi.

(Iin_emeraldthahir_diary)"
Sat Jul 05 06:57:39 +0000 2025,"[Breaking News] Kejadian kecelakaan di perempatan taman siswa,mas"" dari Utara nyeruduk mobil dari belakang ndan https://t.co/cFVTw1dYrE"
Mon Jun 30 09:50:44 +0000 2025,"Seorang pria paruh baya berinisial RBJ (54) asal Temon, Kulon Progo, ditangkap polisi usai menusuk pemuda inisial SED (26) dengan tombak karena dendam lama. Peristiwa terjadi di rumah korban, Senin (16/6), menyebabkan luka robek di paha hingga harus mendapat enam jahitan dan mengalami putus urat.

â€œKorban harus mendapat enam jahitan dan mengalami putus uratnya,â€ kata Kanit 3 Satreskrim Polres Kulon Progo, Ipda Taviv Heri Setiawan, Senin (30/6/2025).

Pelaku disebut pulang dari minum minuman keras dan teringat perselisihan korban dengan keponakannya. RBJ langsung menusuk korban saat bertemu. Polisi menyebut pelaku punya riwayat kasus serupa. Tersangka dijerat Pasal 351 ayat 2 jo. Pasal 2 UU Darurat 1951 dengan ancaman hukuman 2 tahun penjara.

(detikjogja_)"
Sat Jun 28 02:17:06 +0000 2025,"min mau cerita, ini temen saya tadi sekitar jam 9 malem di daerah concat, helm sama motor di luar store, nah belum lama temen saya ambil barang di jok masih ada helmnya, terus pas mau pulang jam set 10 an tiba tiba helmnya udah gada, tau aja itu helm baru, motornya gada platnya, bagi temen temen hati hati yaa, untuk yang maling helmnya semoga hidupmu gabakal tenang,kalo ga mau sulit hidupnya jangan mempersulit hidup orang, gregetan banget
gausah di tag min namaku"
Tue Jul 01 14:29:46 +0000 2025,"Sehari mengalami dua kali  kecelakaan, Mas mas diduga maling motor ini kini sudah di amankan polisi.

Kecelakaan pertama sore tadi di depan PLN Druwo jalan Parangtritis dan kecelakaan kedua malam ini di jalan solo dekat Bandara, kemudian, kemudian mas mas tersebut di bawa ke RSIY untuk perawatan. Sambil menunggu pemilik motor datang ke lokasi 

ğŸ“¸: Bertha poernama"
Fri Jun 27 08:40:15 +0000 2025,"[Video] Prosesi Sedekah Laut di Pantai Teluk Penyu Cilacap .

(_hendra.one_) https://t.co/ZeRgNYIEr8"
Wed Jun 25 01:42:06 +0000 2025,Akeh grub FB sek ilang
Sat Jun 21 11:29:57 +0000 2025,"Min, barusan di jl. Solo ada 3 motor jatuh karna menghindari pengendara sepeda motor yg nglawan arah, termasuk saya. Pengendara motor 2 cewek berboncengan keluar dari gang sebelah hotel apa itu lupa. Dan lawan arah dah gitu posisinya di nengah"". Al hasil 1 bapak"" terjatuh, motor dibelakangnya menghindari bapak""nyabtadi, dan saya pun menghindari kedua motor tapi di kiri saya banyak kendaraan agak cepat juga, mencoba ngerem tapi kejadiannya begitu cepat dan kondisi hujan deras motor+saya pun ngesot. Mbaknya selamat tapi yg lain jatuh. 
Karna saya dikejar waktu, dan korban pertama minta ganti rugi ke mbak""nya saya pamit undur diri.
Pelajarannya ""kepada semua pengendara mbok jangan dibiasakan melawan arah, apa lagi jalur ramai dan padat kendaraan. Korbannya bisa jadi bukan pelawan arahnya, tapi malah sering orang yg sudah berada di jalan ""yang benar"". Kerugian materi, kesehatan, bahkan bisa nyawa seseorang taruhannya""
Tadi mbakÂ²nya sudah minta maaf.

Dan mau ganti rugi tapi di dompetnya hanya ada uang 40rb. ğŸ˜‚ gak tega juga saya."
Tue Jun 17 09:09:15 +0000 2025,"Min mau izin cerita ya , namaku boleh di samarkan aja 
Ini sebenrnya keresahanku sudah dari kemaren kemaren, beberapa waktu yg lalu aku baru pindah ke salah satu paviliun di daerah sleman . Awalnya aku yaudah biasa aja gitu emang pas liat suka sama tempatnya karna memang spek yg aku cari dan harganya lumayan murah. Nah aku punya tetangga juga yg punyak anak kecil bahkan ada tetangga yg anaknya masih agak bayi gitu . Ini lokasinya di padat penduduk jadi memang rumahny berdepetan gitu. Nah di tetangga selisih 2 rumah adalah rumah warga sini yg dia hidupny sendirian gitu (karna aku ngga pernah liat orang lain selain dia disitu) dia orangnya udah tua gitu sih , dan dia (sepertinya) engga punya pekerjaan , karna sehari hari nya cuma paling pergi biasa sebentr balik lagi. Nah dia itu kebiasaan setiap dia baru bangun gitu stel speaker entah musik dangdut entah radio entah televisi itu keras bgt, dan ini posisinya sama yg aku tempatin 2 rumah dan itu masih kedengeran jelas bgt

Dan karna aku baru dan aku hanya orang rantau ngga enak untuk negur meskipun ngga nyaman bgt, dan aku nanya ke yg tetangga tetangga ku yg udah lebih lama ternyata memang itu kebiasannya dari dulu bahkan pernah di tegur sama rt disini tapi memang tidak ada perubahan. Jadi bingung mau gimana dan kasian juga sama tetangga yg lain yg bawa anak pasti lebih terganggu . Karna emang keras bgt kaya suara hajatan gitu min
Rencana aku mau cari yg lebih nyaman lagi , jadi kalo temen temen followers merapi uncover punya rekomendasi boleh taro di kolom komentar ya lokasinya dan speknya juga boleh di tambahin nnti aku dm min. Terimakasih  sudah mau mendengarkan unek unek saya 
Btw dia kalo dangdutan bisa jam 10 malem bahkan pernah jam 2 malem sampe subuh :) 
Sudah bisa di bayangkan seberapa mengganggunya ğŸ™ğŸ»â˜ºï¸"
Sun Jul 06 15:31:51 +0000 2025,"[Pedati]

Setiap Minggu Wage, Pasar Jangkang menjadi tempat berkumpulnya para pelestari Gerobak Sapi. Hal ini menjadi alternatif wisata budaya yang jarang terdapat di tempat lain. Para pelestari ini datang dari Yogyakarta dan sekitarnya. Gerobak Sapi ditarik oleh 2 ekor sapi lokal peranakan Ongole dan dikemudikan oleh ""Bajingan"". Sebutan pengemudi cikar tersebut sebenernya tidak bermakna negatif, namun akronim dari ""Bagus ing Jiwo Angen-angen ning Pangeran"". Minat untuk hadir di minggu wage selanjutnya?

ğŸ¶Manthous - Konco Tani

(ihqbar_alqhoza)"
Mon Jun 30 12:38:14 +0000 2025,"Tadi siang sekitar pukul 12.00 telah terjadi musibah truck terguling di Jl. Kabupaten selatan BMKG

 Proses evakuasi berlangsung dari pukul 13.00 - 14.00 WIB.

Kronologi kejadian saat pengemudi truk mencoba memasuki area proyek pembangunan dengan posisi berjalan mundur, roda belakang truk terperosok ke dalam selokan yang fondasinya tidak mampu menahan beban kendaraan, sehingga mengakibatkan truk amblas dan terguling. 

Untuk personil yang terlibat:
- Sie Pammat Ditsamapta Polda Diy
- Satlantas Polresta Sleman
- Polres Sleman
- Polsek Mlati
- FPRB Sendangadi
- Redkar Sleman
- Warga sekitar

Tidak ada korban jiwa dalam kejadian ini ( nihil )

(Albert_wsn)"
Thu Jun 26 00:08:49 +0000 2025,"Ketika mangan menjadi maem, ngombe menjadi mimik, turu menjadi tilem, disitulah wong pinter menjadi goblok"
Mon Jun 30 16:05:47 +0000 2025,"Selamat hari Bhayangkara ke 79 

""POLRI untuk Masyarakat""

Ilustrasi: Ai https://t.co/ngpleklurs"
Sat Jul 05 11:50:22 +0000 2025,"UPDATE INFORMASI DUGAAN PENGANIAYAAN DRIVER OJEK ONLINE
.
Terduga penganiaya driver ojek online di Godean, Sleman saat ini tengah menjalani proses hukum di @polrestasleman dan bagi yang merusak fasilitas milik warga masyarakat maupun fasilitas negara hingga melukai warga masyarakat akan kami kejar sesuai rekaman cctv dan bukti-bukti lain yang telah kami dapatkan (silahkan menyerahkan diri untuk bertanggungjawab atau kami lakukan tindakan tegas terukur).
.
Kami sangat menghargai aspirasi yang disampaikan kepada kami, namun kami sangat menyesalkan penyampaian aspirasi yang melebihi batas hingga merugikan masyarakat dan merusak fasilitas negara. | @PoldaJogja"
Mon Jun 23 00:58:26 +0000 2025,"menginformasikan min, terjadi kebarakan mobil di Jalan Kaliurang km 20 pagi ini, mohon tetap safety dan berhati-hati lur, nama dan username tolong di anonim kan min, maturnuwun ğŸ™ https://t.co/M7HaCgLjCX"
Mon Jun 30 15:22:22 +0000 2025,Ijin min. Terpantau awan hujan cukup tebal di atas Pakem sampai turi dan tempel. https://t.co/iqezsBJNR5
Sun Jul 06 02:46:16 +0000 2025,"permisi min, saya ada kejadian tdk mengenakan subuh tadi. tbtb jendela kamar saya dibuka dan oleh seorang pria posisi dia sambil menyalakan flash hp (saya tidak tau pelaku ini hanya menyentar saya atau merekam saya). karna takut saya ngefreeze sebentar (kebetulan saya silau dan tdk bs melihat apa yang pelaku lakukan) dan ketika sudah saya pastikan bahwa itu seorang pria berkaos lengan pendek kalo tdk salah warna gelap kaosnya (krg jelas karna saya silau disenter dia). lalu saya reflek teriak â€œmas ngapain mas???!â€ dia kaget karna ternyata saya bangun, dia lagsung lari. nah pas dia mau lari ini saya sempat jelas melihat muka muka nya mas karna silau flash nya sudah tdk ke arah saya, orangnya sekitar tingginya 165an atau bahkan lebih dan kurus warna kulit coklat gelap. mohon dibantu up min saya daerah ambarketawang gamping, kebetulan area kontrakan saya tdk ada cctv jadi saya tdk bs kasi bukti bentuk audio visualğŸ™ğŸ»"
Wed Jun 25 11:23:55 +0000 2025,"Kirab Pusaka Dalem atau Kirab Malam 1 Suro Puro Mangkunegaran adalah prosesi laku tapa bisu mengelilingi istana dilanjutkan dengan bersemedi mengenakan pakaian adat beskap hitam bagi laki - laki dan kebaya bagi perempuan, lengkap dengan jarik.

Terdapat larangan khusus yang harus ditaati peserta kirab.
1. Peserta dilarang memakai alas kaki
2. Peserta dilarang berbicara selama prosesi berlangsung
3. Peserta dilarang berswafoto atau selfie selama kirab berlangsung
Jika sampai melanggar aturan ini, atau kita akan diminta keluar dari rombongan kirab.

(jalikarta)"
